Book Link,Title,Author,Genre,Language,Average Rating,Number of Ratings,Publication Date,Number of Pages,Currently Reading,Want to Read,Age at Publication
https://www.goodreads.com/book/show/11588.The_Shining,The Shining,Stephen King,Horror,English,4.28,"1,576,607",1977-01-28,497.0,39500.0,973000.0,29.35523613963039
https://www.goodreads.com/book/show/830502.It,It,Stephen King,Horror,English,4.24,"1,174,602",1986-09-15,1116.0,64100.0,855000.0,38.98425735797399
https://www.goodreads.com/book/show/87591651-the-stand,The Stand,Stephen King,Horror,English,4.35,"788,991",1978-10-03,299.0,44200.0,496000.0,31.033538672142367
https://www.goodreads.com/book/show/10614.Misery,Misery,Stephen King,Horror,English,4.23,"776,841",1987-06-08,370.0,15400.0,459000.0,39.71252566735113
https://www.goodreads.com/book/show/10592.Carrie,Carrie,Stephen King,Horror,English,3.99,"773,072",1974-04-05,272.0,11400.0,405000.0,26.537987679671456
https://www.goodreads.com/book/show/33124137-pet-sematary,Pet Sematary,Stephen King,Horror,English,4.07,"635,191",1983-11-14,580.0,15300.0,301000.0,36.14784394250513
https://www.goodreads.com/book/show/10644930-11-22-63,11/22/63,Stephen King,Fiction,English,4.34,"577,183",2011-11-08,849.0,36400.0,538000.0,64.13141683778234
https://www.goodreads.com/book/show/11590._Salem_s_Lot,’Salem’s Lot,Stephen King,Horror,English,4.1,"609,744",1975-10-17,483.0,19400.0,279000.0,28.071184120465436
https://www.goodreads.com/book/show/43615.The_Gunslinger,The Gunslinger,Stephen King,Fantasy,English,3.92,"631,986",1982-06-01,231.0,22400.0,348000.0,34.69404517453799
https://www.goodreads.com/book/show/11566.The_Green_Mile,The Green Mile,Stephen King,Horror,English,4.48,"336,470",1996-01-01,592.0,0.0,213000.0,48.27926078028747
https://www.goodreads.com/book/show/18775247-mr-mercedes,Mr. Mercedes,Stephen King,Horror,English,4.03,"342,559",2014-06-03,437.0,16600.0,269000.0,66.69952087611225
https://www.goodreads.com/book/show/36124936-the-outsider,The Outsider,Stephen King,Horror,English,4.01,"337,116",2018-05-22,561.0,33600.0,377000.0,70.66666666666667
https://www.goodreads.com/book/show/10569.On_Writing,On Writing: A Memoir of the Craft,Stephen King,Nonfiction,English,4.34,"299,557",2000-01-01,320.0,17100.0,300000.0,52.27926078028747
https://www.goodreads.com/book/show/43798285-the-institute,The Institute,Stephen King,Horror,English,4.2,"301,004",2019-09-10,561.0,30500.0,344000.0,71.96988364134155
https://www.goodreads.com/book/show/6320534-under-the-dome,Under the Dome,Stephen King,Horror,English,3.92,"309,526",2009-01-01,1074.0,12800.0,236000.0,61.281314168377826
https://www.goodreads.com/book/show/60177373-fairy-tale,Fairy Tale,Stephen King,Fantasy,English,4.1,"284,285",2022-09-06,599.0,38100.0,316000.0,74.9596167008898
https://www.goodreads.com/book/show/5094.The_Drawing_of_the_Three,The Drawing of the Three,Stephen King,Fantasy,English,4.23,"273,072",1987-05-01,463.0,0.0,77400.0,39.60848733744011
https://www.goodreads.com/book/show/10603.Cujo,Cujo,Stephen King,Horror,Spanish; Castilian,3.79,"300,485",1981-01-01,432.0,0.0,166000.0,33.281314168377826
https://www.goodreads.com/book/show/16130549-doctor-sleep,Doctor Sleep,Stephen King,Horror,English,4.13,"275,409",2013-09-24,531.0,15000.0,239000.0,66.00958247775496
https://www.goodreads.com/book/show/107291.Needful_Things,Needful Things,Stephen King,Horror,English,3.97,"262,144",1991-10-01,790.0,0.0,126000.0,44.02737850787132
https://www.goodreads.com/book/show/34084.The_Waste_Lands,The Waste Lands,Stephen King,Fantasy,English,4.25,"231,924",1991-08-01,422.0,0.0,69400.0,43.860369609856264
https://www.goodreads.com/book/show/10629.Christine,Christine,Stephen King,Horror,French,3.85,"250,718",1983-04-29,411.0,0.0,123000.0,35.60301163586585
https://www.goodreads.com/book/show/233667.Firestarter,Firestarter,Stephen King,Horror,English,3.92,"236,277",1980-09-29,564.0,0.0,120000.0,33.02395619438741
https://www.goodreads.com/book/show/39662.Different_Seasons,Different Seasons,Stephen King,Horror,English,4.36,"211,665",1982-01-01,560.0,0.0,122000.0,34.280629705681044
https://www.goodreads.com/book/show/11573.The_Dead_Zone,The Dead Zone,Stephen King,Horror,English,3.97,"232,265",1979-08-30,402.0,0.0,115000.0,31.939767282683093
https://www.goodreads.com/book/show/5096.Wizard_and_Glass,Wizard and Glass,Stephen King,Fantasy,English,4.26,"207,573",1997-11-04,845.0,0.0,69300.0,50.12183436002738
https://www.goodreads.com/book/show/10567.Cell,Cell,Stephen King,Horror,English,3.66,"228,575",2006-01-24,449.0,0.0,121000.0,58.34360027378508
https://www.goodreads.com/book/show/4978.Wolves_of_the_Calla,Wolves of the Calla,Stephen King,Fantasy,English,4.2,"191,476",2003-11-04,960.0,0.0,68000.0,56.120465434633815
https://www.goodreads.com/book/show/10589.Bag_of_Bones,Bag of Bones,Stephen King,Horror,English,3.92,"204,139",1998-09-22,736.0,0.0,124000.0,51.00342231348392
https://www.goodreads.com/book/show/5091.The_Dark_Tower,The Dark Tower,Stephen King,Fantasy,English,4.28,"179,544",2004-09-21,1050.0,0.0,77700.0,57.002053388090346
https://www.goodreads.com/book/show/10628.Night_Shift,Night Shift,Stephen King,Horror,English,4.04,"188,700",1978-01-01,409.0,0.0,123000.0,30.28062970568104
https://www.goodreads.com/book/show/56852407-billy-summers,Billy Summers,Stephen King,Fiction,English,4.19,"171,115",2021-08-03,517.0,14400.0,200000.0,73.8672142368241
https://www.goodreads.com/book/show/23492589-finders-keepers,Finders Keepers,Stephen King,Fiction,English,4.07,"168,324",2015-06-02,434.0,0.0,99400.0,67.69609856262834
https://www.goodreads.com/book/show/5093.Song_of_Susannah,Song of Susannah,Stephen King,Fantasy,English,3.99,"165,653",2004-06-08,544.0,0.0,63300.0,56.71457905544147
https://www.goodreads.com/book/show/11570.Dreamcatcher,Dreamcatcher,Stephen King,Horror,English,3.66,"179,881",2001-02-20,688.0,0.0,87600.0,53.41820670773443
https://www.goodreads.com/book/show/13596166-joyland,Joyland,Stephen King,Horror,English,3.93,"166,821",2013-01-01,285.0,0.0,91800.0,65.28131416837782
https://www.goodreads.com/book/show/813214.The_Mist,The Mist,Stephen King,Horror,English,3.94,"165,374",1980-08-29,176.0,0.0,100000.0,32.93908281998631
https://www.goodreads.com/book/show/7278752-dolores-claiborne,Dolores Claiborne,Stephen King,Horror,English,3.93,"160,421",1992-11-01,388.0,0.0,66700.0,45.11430527036276
https://www.goodreads.com/book/show/10585.Insomnia,Insomnia,Stephen King,Horror,Spanish; Castilian,3.83,"161,106",1994-01-01,896.0,0.0,103000.0,46.28062970568104
https://www.goodreads.com/book/show/11564.The_Girl_Who_Loved_Tom_Gordon,The Girl Who Loved Tom Gordon,Stephen King,Horror,English,3.64,"169,111",1999-04-06,264.0,0.0,74900.0,51.540041067761805
https://www.goodreads.com/book/show/32692.Gerald_s_Game,Gerald's Game,Stephen King,Horror,English,3.58,"169,075",1992-01-01,332.0,0.0,93900.0,44.27926078028747
https://www.goodreads.com/book/show/25526965-end-of-watch,End of Watch,Stephen King,Horror,English,4.11,"138,559",2016-06-07,432.0,0.0,112000.0,68.71184120465435
https://www.goodreads.com/book/show/17660.The_Tommyknockers,The Tommyknockers,Stephen King,Horror,English,3.6,"157,719",1987-11-10,747.0,0.0,68000.0,40.1368925393566
https://www.goodreads.com/book/show/10584.Desperation,Desperation,Stephen King,Horror,English,3.86,"146,604",1996-01-01,547.0,0.0,77800.0,48.27926078028747
https://www.goodreads.com/book/show/65916344-holly,Holly,Stephen King,Horror,English,4.1,"136,862",2023-09-05,449.0,15600.0,220000.0,75.95619438740589
https://www.goodreads.com/book/show/11597.The_Dark_Half,The Dark Half,Stephen King,Horror,English,3.81,"146,476",1989-01-01,469.0,68.0,0.0,41.281314168377826
https://www.goodreads.com/book/show/59219.The_Talisman,The Talisman,Stephen King,Horror,English,4.11,"134,367",1984-11-08,656.0,0.0,80400.0,37.13347022587269
https://www.goodreads.com/book/show/54798175-later,Later,Stephen King,Horror,,3.97,"135,723",2021-03-02,248.0,0.0,87300.0,73.44558521560575
https://www.goodreads.com/book/show/10611.The_Eyes_of_the_Dragon,The Eyes of the Dragon,Stephen King,Fantasy,English,3.94,"135,385",1987-02-02,427.0,0.0,61700.0,39.36755646817249
https://www.goodreads.com/book/show/38355410-elevation,Elevation,Stephen King,Fiction,English,3.64,"146,104",2018-10-30,146.0,0.0,124000.0,71.10746064339493
https://www.goodreads.com/book/show/13440.Skeleton_Crew,Skeleton Crew,Stephen King,Horror,English,3.97,"129,784",1985-06-21,612.0,0.0,75900.0,37.74948665297741
https://www.goodreads.com/book/show/472343.Duma_Key,Duma Key,Stephen King,Horror,English,3.98,"129,031",2008-01-22,611.0,0.0,71500.0,60.336755646817245
https://www.goodreads.com/book/show/20926278-revival,Revival,Stephen King,Horror,English,3.8,"132,157",2014-11-11,405.0,0.0,76900.0,67.14031485284052
https://www.goodreads.com/book/show/7912007-full-dark-no-stars,"Full Dark, No Stars",Stephen King,Horror,English,4.08,"113,187",2011-01-01,368.0,0.0,95900.0,63.279945242984255
https://www.goodreads.com/book/show/133266.Four_Past_Midnight,Four Past Midnight,Stephen King,Horror,English,3.95,"112,388",1990-01-01,930.0,0.0,60800.0,42.28062970568104
https://www.goodreads.com/book/show/10619.Rose_Madder,Rose Madder,Stephen King,Horror,English,3.75,"118,056",1995-01-01,595.0,0.0,58900.0,47.279945242984255
https://www.goodreads.com/book/show/46015758-if-it-bleeds,If It Bleeds,Stephen King,Horror,English,3.98,"108,496",2020-04-21,438.0,388.0,152000.0,72.58316221765914
https://www.goodreads.com/book/show/10579.Everything_s_Eventual,Everything's Eventual,Stephen King,Horror,English,3.97,"104,492",2002-03-19,605.0,0.0,64600.0,54.49144421629021
https://www.goodreads.com/book/show/11602.Hearts_in_Atlantis,Hearts in Atlantis,Stephen King,Horror,English,3.86,"98,737",1999-09-14,640.0,0.0,45700.0,51.98083504449008
https://www.goodreads.com/book/show/12341557-the-wind-through-the-keyhole,The Wind Through the Keyhole,Stephen King,Fantasy,English,4.14,"87,501",2012-02-21,322.0,0.0,12400.0,64.41889117043121
https://www.goodreads.com/book/show/10588.Nightmares_and_Dreamscapes,Nightmares and Dreamscapes,Stephen King,Horror,English,3.95,"85,129",1993-09-29,836.0,0.0,52400.0,46.02327173169062
https://www.goodreads.com/book/show/10566.Lisey_s_Story,Lisey's Story,Stephen King,Horror,English,3.7,"90,260",2006-01-01,513.0,0.0,67200.0,58.28062970568104
https://www.goodreads.com/book/show/34466922-sleeping-beauties,Sleeping Beauties,Stephen King,Horror,English,3.73,"88,661",2017-09-26,702.0,10400.0,144000.0,70.01505817932923
https://www.goodreads.com/book/show/34430839-gwendy-s-button-box,Gwendy's Button Box,Stephen King,Horror,English,3.92,"74,196",2017-05-16,171.0,0.0,50500.0,69.65092402464066
https://www.goodreads.com/book/show/10607.Black_House,Black House,Stephen King,Horror,English,4.04,"65,759",2001-01-01,659.0,0.0,44500.0,53.281314168377826
https://www.goodreads.com/book/show/23512999-the-bazaar-of-bad-dreams,The Bazaar of Bad Dreams,Stephen King,Horror,English,3.92,"64,114",2015-11-03,495.0,0.0,56600.0,68.11772758384669
https://www.goodreads.com/book/show/22076.From_a_Buick_8,From a Buick 8,Stephen King,Horror,English,3.48,"71,601",2002-09-24,356.0,0.0,35400.0,55.00889801505818
https://www.goodreads.com/book/show/2906039-just-after-sunset,Just After Sunset,Stephen King,Horror,English,3.88,"57,623",2008-11-11,367.0,0.0,46100.0,61.14168377823409
https://www.goodreads.com/book/show/550844.Cycle_of_the_Werewolf,Cycle of the Werewolf,Stephen King,Horror,English,3.66,"60,835",1983-11-01,128.0,825.0,42600.0,36.11225188227242
https://www.goodreads.com/book/show/39664.Rita_Hayworth_and_Shawshank_Redemption,Rita Hayworth and Shawshank Redemption,Stephen King,Fiction,English,4.5,"49,365",1982-01-01,181.0,0.0,30800.0,34.280629705681044
https://www.goodreads.com/book/show/201242757-you-like-it-darker,You Like It Darker,Stephen King,Horror,English,4.26,"51,136",2024-05-21,502.0,13600.0,128000.0,76.66529774127311
https://www.goodreads.com/book/show/10574.The_Colorado_Kid,The Colorado Kid,Stephen King,Mystery,English,3.38,"55,273",2005-10-04,178.0,0.0,27700.0,58.03696098562629
https://www.goodreads.com/book/show/92227.The_Two_Dead_Girls,The Two Dead Girls,Stephen King,Horror,English,4.51,"37,267",1996-03-28,92.0,271.0,29300.0,48.51745379876797
https://www.goodreads.com/book/show/102733.One_Past_Midnight,One Past Midnight: The Langoliers,Stephen King,Horror,English,3.93,"42,685",1990-09-24,9.0,522.0,13300.0,43.00889801505818
https://www.goodreads.com/book/show/11580.Creepshow,Creepshow,Stephen King,Horror,English,4.07,"38,821",1982-07-01,66.0,189.0,25500.0,34.776180698151954
https://www.goodreads.com/book/show/10618.Apt_Pupil,Apt Pupil,Stephen King,Horror,English,3.92,"37,739",1982-08-27,179.0,837.0,18800.0,34.93223819301848
https://www.goodreads.com/book/show/38926465-the-body,The Body,Stephen King,Horror,English,4.02,"27,674",1982-08-27,192.0,0.0,23900.0,34.93223819301848
https://www.goodreads.com/book/show/11563.Danse_Macabre,Danse Macabre,Stephen King,Horror,English,3.67,"29,750",1981-04-20,400.0,0.0,27400.0,33.57973990417522
https://www.goodreads.com/book/show/12070846-mile-81,Mile 81,Stephen King,Horror,English,3.67,"29,035",2011-01-01,80.0,0.0,22500.0,63.279945242984255
https://www.goodreads.com/book/show/15825932-in-the-tall-grass,In the Tall Grass,Stephen King,Horror,English,3.64,"28,556",2012-10-09,2.0,0.0,23900.0,65.05133470225873
https://www.goodreads.com/book/show/13451.Storm_of_the_Century,Storm of the Century,Stephen King,Horror,English,3.96,"25,145",1999-02-01,376.0,210.0,21300.0,51.36481861738535
https://www.goodreads.com/book/show/5417.Carrie_Salem_s_Lot_The_Shining,Carrie / 'Salem's Lot / The Shining,Stephen King,Horror,English,4.57,"20,269",1983-01-01,1096.0,399.0,0.0,35.279945242984255
https://www.goodreads.com/book/show/6356190-the-little-sisters-of-eluria,The Little Sisters of Eluria,Stephen King,Fantasy,English,4.18,"21,283",1998-01-01,312.0,88.0,26700.0,50.28062970568104
https://www.goodreads.com/book/show/22844188-a-good-marriage,A Good Marriage,Stephen King,Horror,English,3.84,"21,518",2014-09-01,4.0,0.0,14000.0,66.94592744695414
https://www.goodreads.com/book/show/228199.The_Bad_Death_of_Eduard_Delacroix,The Bad Death of Eduard Delacroix,Stephen King,Horror,English,4.54,"18,110",1996-06-27,90.0,59.0,0.0,48.766598220396986
https://www.goodreads.com/book/show/228198.Coffey_s_Hands,Coffey's Hands,Stephen King,Horror,English,4.52,"18,152",1996-05-30,90.0,78.0,0.0,48.68993839835729
https://www.goodreads.com/book/show/7940591-blockade-billy,Blockade Billy,Stephen King,Horror,English,3.48,"23,548",2010-01-01,112.0,298.0,13000.0,62.28062970568104
https://www.goodreads.com/book/show/6251012-ur,UR,Stephen King,Horror,English,3.76,"21,668",2009-02-12,61.0,866.0,12200.0,61.39630390143737
https://www.goodreads.com/book/show/71823.Coffey_on_the_Mile,Coffey on the Mile,Stephen King,Horror,English,4.59,"17,639",1996-08-29,138.0,48.0,0.0,48.93908281998631
https://www.goodreads.com/book/show/59366265-gwendy-s-final-task,Gwendy's Final Task,Stephen King,Horror,English,4.07,"19,766",2022-02-15,288.0,0.0,45200.0,74.40383299110198
https://www.goodreads.com/book/show/228194.The_Mouse_on_the_Mile,The Mouse on the Mile,Stephen King,Horror,English,4.47,"17,749",1996-04-25,92.0,133.0,0.0,48.59411362080767
https://www.goodreads.com/book/show/22844166-1922,1922,Stephen King,Horror,English,3.91,"20,048",2010-11-09,132.0,0.0,15600.0,63.134839151266256
https://www.goodreads.com/book/show/228200.Night_Journey,Night Journey,Stephen King,Horror,English,4.53,"16,478",1996-07-25,90.0,58.0,0.0,48.84325804243669
https://www.goodreads.com/book/show/11605.Riding_the_Bullet,Riding the Bullet,Stephen King,Horror,English,3.66,"18,864",2000-01-01,66.0,269.0,0.0,52.27926078028747
https://www.goodreads.com/book/show/6907672-the-talisman-volume-1,The Talisman (Volume 1): The Road of Trials,Stephen King,Graphic Novels,English,4.34,"13,318",2009-01-01,160.0,17.0,0.0,61.281314168377826
https://www.goodreads.com/book/show/12274389-the-dark-tower-series,The Dark Tower Series: Books 1-7,Stephen King,Fantasy,English,4.62,"12,244",2005-01-01,3914.0,250.0,10500.0,57.281314168377826
https://www.goodreads.com/book/show/17826887-children-of-the-corn,Children of the Corn,Stephen King,Horror,English,3.9,"11,798",1977-03-01,50.0,424.0,0.0,29.44284736481862
https://www.goodreads.com/book/show/18528452-under-the-dome,Under the Dome: Part One,Stephen King,Horror,English,4.05,"11,114",2009-11-01,656.0,282.0,0.0,62.11362080766598
https://www.goodreads.com/book/show/133268.Two_Past_Midnight,"Two Past Midnight: Secret Window, Secret Garden",Stephen King,Horror,English,3.95,"11,373",1990-09-24,140.0,98.0,0.0,43.00889801505818
https://www.goodreads.com/book/show/40138871-laurie,Laurie,Stephen King,Short Stories,English,3.66,"11,974",2018-05-17,32.0,0.0,0.0,70.652977412731
https://www.goodreads.com/book/show/17284577-guns,Guns,Stephen King,Nonfiction,English,4.18,"9,523",2013-01-25,25.0,617.0,0.0,65.347022587269
https://www.goodreads.com/book/show/458450.The_Dark_Tower_1_3,The Dark Tower #1-3,Stephen King,Fantasy,English,4.46,"8,529",1991-10-01,1008.0,61.0,0.0,44.02737850787132
https://www.goodreads.com/book/show/666371.Selections_from_Skeleton_Crew,Selections from Skeleton Crew,Stephen King,Horror,English,4.31,"8,611",1985-06-21,4.0,67.0,0.0,37.74948665297741
https://www.goodreads.com/book/show/11572.Quitters_Inc,"Quitters, Inc",Stephen King,Horror,English,4.06,"9,105",1978-01-01,19.0,23.0,0.0,30.28062970568104
https://www.goodreads.com/book/show/32715.Desperation_The_Regulators,Desperation / The Regulators: Box Set,Stephen King,Horror,English,4.21,"7,963",1996-01-01,1075.0,112.0,0.0,48.27926078028747
https://www.goodreads.com/book/show/20957235-1408,وقصص أخرى 1408,Stephen King,Horror,Arabic,3.89,"8,066",2014-01-01,291.0,61.0,0.0,66.28062970568104
https://www.goodreads.com/book/show/133267.Three_Past_Midnight,Three Past Midnight: The Library Policeman,Stephen King,Horror,English,3.86,"7,880",1990-01-01,540.0,53.0,0.0,42.28062970568104
https://www.goodreads.com/book/show/32667.Blood_and_Smoke,Blood and Smoke,Stephen King,Horror,English,3.88,"7,721",1999-11-22,4.0,31.0,0.0,52.16974674880219
https://www.goodreads.com/book/show/15803680-a-face-in-the-crowd,A Face in the Crowd,Stephen King,Horror,English,3.64,"8,092",2012-08-21,50.0,0.0,0.0,64.91718001368925
https://www.goodreads.com/book/show/3365119-four-past-midnight,Four Past Midnight: The Sun Dog,Stephen King,Horror,English,3.69,"7,428",1990-09-24,7.0,900.0,0.0,43.00889801505818
https://www.goodreads.com/book/show/1793995.The_Gingerbread_Girl,The Gingerbread Girl,Stephen King,Horror,English,3.61,"7,462",2008-01-01,2.0,49.0,0.0,60.27926078028747
https://www.goodreads.com/book/show/39217966-flight-or-fright,Flight or Fright: 17 Turbulent Tales,Stephen King,Horror,English,3.49,"6,759",2018-09-04,332.0,0.0,12800.0,70.95414099931554
https://www.goodreads.com/book/show/5092.The_Dark_Tower,The Dark Tower,Stephen King,Fantasy,English,4.5,"4,982",2002-01-01,299.0,68.0,0.0,54.28062970568104
https://www.goodreads.com/book/show/23456351-jerusalem-s-lot,Jerusalem's Lot,Stephen King,Horror,,4.07,"5,404",2000-11-01,40.0,43.0,0.0,53.11430527036276
https://www.goodreads.com/book/show/102686.The_Lawnmower_Man,The Lawnmower Man: Stories from Night Shift,Stephen King,Horror,English,3.77,"5,729",1995-10-01,4.0,15.0,0.0,48.02737850787132
https://www.goodreads.com/book/show/30840523-six-scary-stories,Six Scary Stories,Stephen King,Horror,English,3.66,"5,614",2016-08-25,200.0,0.0,0.0,68.92813141683779
https://www.goodreads.com/book/show/155403.The_Shawshank_Redemption,The Shawshank Redemption: Different Seasons,Stephen King,Fiction,English,4.48,"4,566",1994-08-01,507.0,44.0,0.0,46.861054072553046
https://www.goodreads.com/book/show/52317884-the-jaunt,The Jaunt,Stephen King,Horror,,4.18,"4,641",1981-01-01,25.0,32.0,0.0,33.281314168377826
https://www.goodreads.com/book/show/97126.The_Talisman_and_Black_House,The Talisman and Black House,Stephen King,Horror,English,4.45,"4,221",2002-10-29,299.0,26.0,0.0,55.1047227926078
https://www.goodreads.com/book/show/102688.Graveyard_Shift_and_Other_Stories_from_Night_Shift,"Graveyard Shift, and Other Stories from Night Shift",Stephen King,Horror,English,3.89,"4,632",1988-01-01,299.0,45.0,0.0,40.27926078028747
https://www.goodreads.com/book/show/22844168-big-driver,Big Driver,Stephen King,Horror,,3.95,"4,432",2010-11-09,4.0,441.0,0.0,63.134839151266256
https://www.goodreads.com/book/show/860613.Pet_Sematary_Carrie_Nightshift,Pet Sematary / Carrie / Nightshift,Stephen King,Horror,,4.3,"3,729",1991-11-01,1.0,58.0,0.0,44.11225188227242
https://www.goodreads.com/book/show/24796646-drunken-fireworks,Drunken Fireworks,Stephen King,Fiction,English,3.49,"4,479",2015-06-30,2.0,24.0,0.0,67.77275838466804
https://www.goodreads.com/book/show/32668.LT_s_Theory_of_Pets,LT's Theory of Pets,Stephen King,Horror,English,3.71,"4,199",2001-06-07,1.0,11.0,0.0,53.711156741957566
https://www.goodreads.com/book/show/10575.Stationary_Bike,Stationary Bike,Stephen King,Horror,English,3.56,"4,375",2003-01-01,34.0,15.0,0.0,55.279945242984255
https://www.goodreads.com/book/show/18528453-under-the-dome,Under the Dome: Part Two,Stephen King,Horror,English,4.07,"3,755",2009-11-10,624.0,87.0,0.0,62.13826146475017
https://www.goodreads.com/book/show/32680.Silver_Bullet,Silver Bullet,Stephen King,Horror,English,3.74,"3,760",1985-11-12,255.0,7.0,0.0,38.143737166324435
https://www.goodreads.com/book/show/102418.Dolores_Claiborne_Insomnia_Rose_Madder,Dolores Claiborne/Insomnia/Rose Madder,Stephen King,Horror,English,4.45,"3,085",1996-01-01,299.0,5.0,0.0,48.27926078028747
https://www.goodreads.com/book/show/116334.Nightmares_in_the_Sky,Nightmares in the Sky: Gargoyles and Grotesques,Stephen King,Nonfiction,English,4.01,"3,418",1988-10-07,128.0,8.0,0.0,41.045859000684466
https://www.goodreads.com/book/show/2239777.It_The_Eyes_of_the_Dragon_Misery,It/The Eyes of the Dragon/Misery,Stephen King,Horror,English,4.61,"2,856",1988-10-15,299.0,10.0,0.0,41.06776180698152
https://www.goodreads.com/book/show/17925150-the-dark-man,The Dark Man,Stephen King,Poetry,English,4.13,"2,981",1969-01-01,88.0,8.0,0.0,21.281314168377826
https://www.goodreads.com/book/show/155512._a_Tome_1,"Ça, Tome 1",Stephen King,Horror,French,4.22,"2,861",1986-09-15,799.0,304.0,0.0,38.98425735797399
https://www.goodreads.com/book/show/973196.Dark_Forces,Dark Forces: New Stories of Suspense and Supernatural Horror,Stephen King,Horror,English,4.08,"2,869",1980-08-01,551.0,72.0,0.0,32.86242299794661
https://www.goodreads.com/book/show/20980228-11-22-63,11/22/63 上,Stephen King,Fiction,Japanese,4.38,"2,597",2013-09-13,529.0,40.0,0.0,65.97946611909651
https://www.goodreads.com/book/show/4945933-the-breathing-method,The Breathing Method,Stephen King,Horror,English,3.65,"3,071",1999-01-01,3.0,27.0,0.0,51.279945242984255
https://www.goodreads.com/book/show/10587.The_Man_in_the_Black_Suit,The Man in the Black Suit: 4 Dark Tales,Stephen King,Horror,English,3.69,"3,009",1994-01-01,299.0,26.0,0.0,46.28062970568104
https://www.goodreads.com/book/show/155465.Dolan_s_Cadillac,Dolan's Cadillac,Stephen King,Horror,English,3.88,"2,693",1989-01-01,64.0,13.0,0.0,41.281314168377826
https://www.goodreads.com/book/show/866502.Everything_s_Eventual,Everything's Eventual: 5 Dark Tales,Stephen King,Horror,English,4.09,"2,483",2002-03-01,8.0,19.0,0.0,54.44216290212184
https://www.goodreads.com/book/show/3583368-stephen-king-goes-to-the-movies,Stephen King Goes to the Movies,Stephen King,Horror,English,3.92,"2,453",2009-01-20,626.0,129.0,0.0,61.333333333333336
https://www.goodreads.com/book/show/5416.The_Shining_Salem_s_Lot_Night_Shift_Carrie,The Shining / 'Salem's Lot / Night Shift / Carrie,Stephen King,Horror,English,4.67,"1,978",1981-01-01,991.0,22.0,727.0,33.281314168377826
https://www.goodreads.com/book/show/155711._a_Tome_2,"Ça, Tome 2",Stephen King,Horror,French,4.19,"2,102",1986-09-01,638.0,105.0,0.0,38.945927446954144
https://www.goodreads.com/book/show/17797820-sometimes-they-come-back,Sometimes They Come Back,Stephen King,Horror,English,3.93,"2,241",1974-03-01,35.0,13.0,0.0,26.442162902121833
https://www.goodreads.com/book/show/1278221.The_Best_American_Short_Stories_2007,The Best American Short Stories 2007,Stephen King,Short Stories,English,3.77,"2,304",2007-01-01,448.0,112.0,0.0,59.279945242984255
https://www.goodreads.com/book/show/17225778-las-cuatro-estaciones,Las cuatro estaciones: primavera/verano,Stephen King,Horror,Spanish; Castilian,4.2,"1,987",1982-08-27,354.0,106.0,0.0,34.93223819301848
https://www.goodreads.com/book/show/17160738-survivor-type,Survivor Type,Stephen King,Horror,English,3.89,"2,051",1982-01-01,65.0,24.0,0.0,34.280629705681044
https://www.goodreads.com/book/show/35115736-el-hombre-del-traje-negro,El hombre del traje negro,Stephen King,Horror,Spanish; Castilian,3.59,"2,053",2020-01-01,128.0,32.0,986.0,72.27926078028747
https://www.goodreads.com/book/show/11596.Secret_Windows,Secret Windows: Essays and Fiction on the Craft of Writing,Stephen King,Nonfiction,English,4.08,"1,772",2000-01-01,433.0,40.0,0.0,52.27926078028747
https://www.goodreads.com/book/show/32714.The_Monkey,The Monkey,Stephen King,Horror,English,3.75,"1,849",1980-01-01,2.0,19.0,0.0,32.27926078028747
https://www.goodreads.com/book/show/10848249-the-road-virus-heads-north,The Road Virus Heads North,Stephen King,Horror,English,3.71,"1,825",2006-05-01,299.0,10.0,0.0,58.60917180013689
https://www.goodreads.com/book/show/16097947-las-dos-despu-s-de-medianoche,Las dos después de medianoche,Stephen King,Horror,Spanish; Castilian,3.81,"1,732",1990-09-24,528.0,104.0,0.0,43.00889801505818
https://www.goodreads.com/book/show/22909466-las-cuatro-estaciones-ii,Las cuatro estaciones II: otoño e invierno,Stephen King,Horror,Spanish; Castilian,3.95,"1,667",1982-08-27,272.0,72.0,0.0,34.93223819301848
https://www.goodreads.com/book/show/155549.Le_Fl_au_1_2,Le Fléau 1/2,Stephen King,Horror,French,4.29,"1,515",1978-01-01,764.0,102.0,0.0,30.28062970568104
https://www.goodreads.com/book/show/36291755-the-boogeyman,The Boogeyman,Stephen King,Horror,English,3.77,"1,720",1973-03-01,25.0,15.0,0.0,25.44284736481862
https://www.goodreads.com/book/show/155570.La_expedici_n,La expedición,Stephen King,Horror,Spanish; Castilian,3.8,"1,579",1985-06-21,221.0,63.0,0.0,37.74948665297741
https://www.goodreads.com/book/show/26927393-almuerzo-en-el-caf-gotham,Almuerzo en el café Gotham,Stephen King,Horror,Spanish; Castilian,3.37,"1,683",1995-01-01,96.0,35.0,907.0,47.279945242984255
https://www.goodreads.com/book/show/29543190-graveyard-shift,Graveyard Shift,Stephen King,Horror,English,3.73,"1,476",1970-01-01,26.0,12.0,811.0,22.28062970568104
https://www.goodreads.com/book/show/155527.Le_Fl_au_2_2,Le Fléau 2/2,Stephen King,Horror,French,4.33,"1,263",1978-01-01,795.0,49.0,871.0,30.28062970568104
https://www.goodreads.com/book/show/466506.Mrs_Todd_s_Shortcut_from_Skeleton_Crew,"Mrs. Todd's Shortcut, from Skeleton Crew",Stephen King,Short Stories,English,3.86,"1,359",1984-05-01,2.0,11.0,0.0,36.610540725530456
https://www.goodreads.com/book/show/18220262-morality,Morality,Stephen King,Horror,English,3.27,"1,592",2009-07-01,34.0,8.0,0.0,61.776865160848736
https://www.goodreads.com/book/show/5631481-nightmares-dreamscapes-volume-i,"Nightmares & Dreamscapes, Volume I",Stephen King,Fiction,,4.09,"1,233",1993-10-13,299.0,39.0,997.0,46.06160164271047
https://www.goodreads.com/book/show/31441211-the-mangler,The Mangler,Stephen King,Horror,English,3.69,"1,342",1972-12-01,299.0,6.0,0.0,25.196440793976727
https://www.goodreads.com/book/show/409076.Umney_s_Last_Case,Umney's Last Case,Stephen King,Horror,English,3.82,"1,275",1995-07-01,96.0,8.0,0.0,47.775496235455165
https://www.goodreads.com/book/show/155532.Historias_fant_sticas,Historias fantásticas,Stephen King,Horror,Spanish; Castilian,3.06,"1,542",1985-06-21,248.0,78.0,835.0,37.74948665297741
https://www.goodreads.com/book/show/27406812-the-bill-hodges-trilogy,The Bill Hodges Trilogy,Stephen King,Horror,English,4.48,934,2016-06-28,1344.0,47.0,0.0,68.76933607118411
https://www.goodreads.com/book/show/35120962-gwendy-s-button-box-the-music-room,"Gwendy's Button Box + ""The Music Room""",Stephen King,Horror,English,4.02,"1,035",2017-05-16,3.0,7.0,451.0,69.65092402464066
https://www.goodreads.com/book/show/13609593-the-plant,The Plant,Stephen King,Horror,English,3.57,"1,146",2000-07-01,291.0,44.0,0.0,52.77754962354552
https://www.goodreads.com/book/show/38673201-cookie-jar-imaginaire,Cookie Jar (Imaginaire),Stephen King,Short Stories,French,3.84,994,2016-03-31,32.0,10.0,0.0,68.52566735112936
https://www.goodreads.com/book/show/21402617-b-ser-kleiner-junge,Böser kleiner Junge,Stephen King,Horror,German,3.96,963,2014-03-14,60.0,7.0,205.0,66.47775496235455
https://www.goodreads.com/book/show/6829356-zombies,Zombies: Encounters with the Hungry Dead,Stephen King,Horror,English,3.91,968,2009-01-01,704.0,44.0,0.0,61.281314168377826
https://www.goodreads.com/book/show/8476733-one-for-the-road,One for the Road: An Illustrated Story,Stephen King,Horror,English,3.8,966,1977-01-01,38.0,8.0,601.0,29.281314168377826
https://www.goodreads.com/book/show/16122067-i-am-the-doorway,I Am the Doorway,Stephen King,Horror,English,3.67,969,1978-01-01,299.0,7.0,0.0,30.28062970568104
https://www.goodreads.com/book/show/24149977-skeleton-crew,Skeleton Crew: The Raft,Stephen King,Horror,English,3.81,926,1982-11-01,98.0,8.0,650.0,35.1129363449692
https://www.goodreads.com/book/show/60102274-a-face-in-the-crowd-the-longest-december,A Face in the Crowd / The Longest December,Stephen King,Horror,English,3.86,914,2023-03-21,144.0,21.0,0.0,75.49623545516769
https://www.goodreads.com/book/show/31281039-autopsy-room-four,Autopsy Room Four,Stephen King,Horror,,3.82,870,2004-05-01,299.0,4.0,552.0,56.610540725530456
https://www.goodreads.com/book/show/1011198.Needful_Things,Needful Things,Stephen King,Horror,English,4.16,799,1991-10-01,299.0,89.0,702.0,44.02737850787132
https://www.goodreads.com/book/show/13093998-premium-harmony,Premium Harmony,Stephen King,Short Stories,English,2.93,"1,109",2009-11-09,5.0,5.0,512.0,62.13552361396304
https://www.goodreads.com/book/show/155754.Gramma,Gramma,Stephen King,Horror,English,3.8,841,1986-06-30,299.0,9.0,888.0,38.77344284736482
https://www.goodreads.com/book/show/999969.Stephen_King_6,Stephen King 6: The Bachman Books/Thinner/The Tommyknockers,Stephen King,Horror,English,4.27,731,1990-10-01,299.0,4.0,606.0,43.0280629705681
https://www.goodreads.com/book/show/58964946-red-screen,Red Screen,Stephen King,Horror,English,3.59,866,2021-09-09,17.0,9.0,0.0,73.96851471594798
https://www.goodreads.com/book/show/2889265-word-processor-of-the-gods,Word Processor of the Gods,Stephen King,Horror,Multiple languages,3.79,813,1983-01-01,105.0,9.0,641.0,35.279945242984255
https://www.goodreads.com/book/show/60321051-the-gwendy-collection,The Gwendy Collection: Gwendy's Button Box / Gwendy's Magic Feather / Gwendy's Final Task,Stephen King,Horror,English,4.14,743,2022-10-25,688.0,43.0,16700.0,75.09377138945928
https://www.goodreads.com/book/show/28490345-descendants,Descendants,Stephen King,Horror,English,3.7,827,2016-01-07,196.0,389.0,226.0,68.29568788501027
https://www.goodreads.com/book/show/155509.Nachts,Nachts,Stephen King,Horror,German,3.67,829,1990-01-01,512.0,25.0,607.0,42.28062970568104
https://www.goodreads.com/book/show/22351509-low-men-in-yellow-coats,Low Men In Yellow Coats,Stephen King,Fiction,Italian,4.24,710,2018-09-04,298.0,3.0,759.0,70.95414099931554
https://www.goodreads.com/book/show/41087721-lite-krasslig-bara,"Lite krasslig, bara",Stephen King,Horror,Swedish,3.54,792,2011-05-24,34.0,7.0,210.0,63.671457905544145
https://www.goodreads.com/book/show/1829647.Skazani_na_Shawshank,Skazani na Shawshank,Stephen King,Fiction,Polish,4.36,641,1998-01-01,512.0,22.0,378.0,50.28062970568104
https://www.goodreads.com/book/show/36142279-the-dark-tower-boxed-set,The Dark Tower Boxed Set,Stephen King,Fiction,English,4.65,593,2017-09-05,5815.0,484.0,582.0,69.95756331279945
https://www.goodreads.com/book/show/11599.The_Dead_Zone_Cujo,The Dead Zone/Cujo,Stephen King,Horror,English,4.31,623,1997-12-31,812.0,18.0,879.0,50.27789185489391
https://www.goodreads.com/book/show/8269062-screenplays-by-stephen-king,"Screenplays by Stephen King: Rose Red, Kingdom Hospital, Creepshow, the Stand, Children of the Corn, Cat's Eye, Pet Sematary",Stephen King,Horror,,3.92,676,1980-01-01,90.0,5.0,989.0,32.27926078028747
https://www.goodreads.com/book/show/2410846.Christine_The_Shining_Cujo,Christine/The Shining/Cujo,Stephen King,Horror,English,4.42,570,1983-10-26,299.0,3.0,411.0,36.09582477754962
https://www.goodreads.com/book/show/2884647-trucks,Trucks,Stephen King,Horror,German,3.46,725,1987-01-01,299.0,11.0,651.0,39.279945242984255
https://www.goodreads.com/book/show/847668.Omnibus,Omnibus: Skeleton Crew / Different Seasons,Stephen King,Horror,,4.4,559,2001-01-01,1168.0,13.0,702.0,53.281314168377826
https://www.goodreads.com/book/show/59138278-chambre-1408,Chambre 1408,Stephen King,Horror,French,3.26,752,2021-09-29,128.0,12.0,413.0,74.02327173169063
https://www.goodreads.com/book/show/116332.The_Stand_The_Dark_Half,The Stand / The Dark Half,Stephen King,Horror,English,4.45,549,1991-06-01,299.0,7.0,332.0,43.6933607118412
https://www.goodreads.com/book/show/12441751-dos-historias-para-no-dormir,Dos historias para no dormir,Stephen King,Horror,Spanish; Castilian,3.37,719,1985-01-01,119.0,14.0,477.0,37.281314168377826
https://www.goodreads.com/book/show/150309373-mr-harrigan-s-phone,Mr. Harrigan's Phone,Stephen King,Horror,English,3.92,586,2020-04-21,88.0,11.0,203.0,72.58316221765914
https://www.goodreads.com/book/show/847665.Stephen_King_3,"Stephen King 3: Different Seasons, The Stand, Skeleton Crew",Stephen King,Horror,English,4.43,503,1978-10-02,1150.0,4.0,477.0,31.030800821355236
https://www.goodreads.com/book/show/28098.Bag_of_Bones_the_Green_Mile_the_Girl_Who_Loved_Tom_Gordon,Bag of Bones/the Green Mile/the Girl Who Loved Tom Gordon,Stephen King,Horror,English,4.37,504,2000-11-01,299.0,3.0,382.0,53.11430527036276
https://www.goodreads.com/book/show/47550.La_Torre_Oscura_VII_Tomo_1_of_2,La Torre Oscura VII - Tomo 1 of 2,Stephen King,Fantasy,Spanish; Castilian,4.18,514,2004-02-01,512.0,17.0,514.0,56.36413415468857
https://www.goodreads.com/book/show/5192845-nightmares-dreamscapes-volume-ii,"Nightmares & Dreamscapes, Volume II",Stephen King,Horror,,4.01,505,1993-10-29,299.0,7.0,504.0,46.105407255304584
https://www.goodreads.com/book/show/920670.The_Shining_Carrie_Misery,The Shining / Carrie / Misery,Stephen King,Horror,English,4.47,430,1974-01-01,686.0,24.0,460.0,26.28062970568104
https://www.goodreads.com/book/show/116337.Abgrund,Abgrund: Nightmares and Dreamscapes,Stephen King,Horror,German,3.54,543,1993-09-29,446.0,35.0,733.0,46.02327173169062
https://www.goodreads.com/book/show/31283049-batman-and-robin-have-an-altercation,Batman and Robin have an Altercation,Stephen King,Short Stories,,3.62,518,2012-01-01,299.0,3.0,227.0,64.27926078028747
https://www.goodreads.com/book/show/45576874-the-darkness,THE DARKNESS,Stephen King,Horror,English,3.96,473,2019-05-06,290.0,513.0,249.0,71.62217659137578
https://www.goodreads.com/book/show/1567989.Firestarter_The_Dead_Zone_Salem_s_Lot,Firestarter / The Dead Zone / Salem's Lot,Stephen King,Horror,English,4.37,424,1980-09-29,299.0,4.0,305.0,33.02395619438741
https://www.goodreads.com/book/show/31362725-the-lawnmower-man,The Lawnmower Man,Stephen King,Short Stories,,3.14,589,1975-01-01,299.0,3.0,325.0,27.279945242984255
https://www.goodreads.com/book/show/155405.My_Pretty_Pony,My Pretty Pony,Stephen King,Horror,English,3.65,488,1989-01-01,100.0,4.0,984.0,41.281314168377826
https://www.goodreads.com/book/show/970229.Acclaimed_Stories_from_the_World_s_Bestselling_Author,Acclaimed Stories from the World's Bestselling Author: Different Seasons; Skeleton Crew; Nightmares & Dreamscapes,Stephen King,Horror,English,4.36,403,1988-10-30,299.0,3.0,478.0,41.1088295687885
https://www.goodreads.com/book/show/1597554.Dolores_Claiborne_Insomnia,Dolores Claiborne/Insomnia,Stephen King,Horror,English,4.26,410,1995-11-01,299.0,3.0,374.0,48.11225188227242
https://www.goodreads.com/book/show/52281241-the-waste-lands,"The Waste Lands: The Dark Towers, Book III",Stephen King,Fantasy,English,4.46,386,2019-11-05,1.0,15.0,142.0,72.12320328542094
https://www.goodreads.com/book/show/61159541-sleeping-beauties-vol-2,"Sleeping Beauties, Vol. 2",Stephen King,Horror,English,3.47,488,2022-07-26,128.0,71.0,203.0,74.84462696783025
https://www.goodreads.com/book/show/31580134-the-dark-tower-series-books-volume-1---8-collection-set-by-stephen-king,The Dark Tower Series Books Volume 1 - 8 Collection Set by Stephen King,Stephen King,Fiction,English,4.56,369,2012-01-01,299.0,38.0,618.0,64.27926078028747
https://www.goodreads.com/book/show/21877382-the-woman-in-the-room,The Woman in the Room,Stephen King,Short Stories,English,3.24,518,1978-01-01,14.0,5.0,435.0,30.28062970568104
https://www.goodreads.com/book/show/12364626-upori-te-i-deo,Uporište I deo,Stephen King,Horror,Serbian,4.31,375,1978-10-03,415.0,14.0,135.0,31.033538672142367
https://www.goodreads.com/book/show/848441.Carrie_The_Tommyknockers,Carrie / The Tommyknockers,Stephen King,Horror,English,4.22,377,1988-01-01,785.0,5.0,364.0,40.27926078028747
https://www.goodreads.com/book/show/17230288-i,"Четири след полунощ, част I: Ланголиерите; Таен прозорец, тайна градина",Stephen King,Horror,Bulgarian,4.36,365,1992-01-01,544.0,4.0,163.0,44.27926078028747
https://www.goodreads.com/book/show/13089256-herman-wouk-is-still-alive,Herman Wouk Is Still Alive,Stephen King,Short Stories,English,3.46,455,2011-05-01,25.0,6.0,556.0,63.60848733744011
https://www.goodreads.com/book/show/6375216-the-end-of-the-whole-mess-and-other-stories,The End of the Whole Mess and Other Stories,Stephen King,Horror,English,3.74,421,2009-09-29,5.0,4.0,633.0,62.02327173169062
https://www.goodreads.com/book/show/63830178-zielona-mila,Zielona Mila,Stephen King,Horror,Polish,4.53,346,2021-06-15,416.0,64.0,478.0,73.73305954825462
https://www.goodreads.com/book/show/34309521-dark-screams,Dark Screams: Volume Six,Stephen King,Horror,English,3.51,434,2017-04-25,161.0,219.0,338.0,69.59342915811088
https://www.goodreads.com/book/show/6537310-six-stories,Six Stories,Stephen King,Horror,English,3.72,405,1997-01-01,197.0,11.0,919.0,49.281314168377826
https://www.goodreads.com/book/show/11594.La_Torre_Oscura_VII_Tomo_2_of_2,La Torre Oscura VII - Tomo 2 of 2,Stephen King,Fantasy,Spanish; Castilian,4.32,345,2004-09-21,496.0,0.0,169.0,57.002053388090346
https://www.goodreads.com/book/show/56948957-the-bachman-books,The Bachman Books: Rage/The Long Walk/Roadwork/The Running Man,Stephen King,Horror,English,4.3,339,1987-01-01,692.0,44.0,424.0,39.279945242984255
https://www.goodreads.com/book/show/15817963-the-little-green-god-of-agony,The Little Green God of Agony,Stephen King,Horror,English,3.56,406,2011-01-01,28.0,4.0,521.0,63.279945242984255
https://www.goodreads.com/book/show/11565.The_Secretary_of_Dreams_Volume_One,"The Secretary of Dreams, Volume One",Stephen King,Horror,English,4.47,323,2006-10-30,281.0,4.0,0.0,59.10746064339494
https://www.goodreads.com/book/show/6289689-sorry-right-number-and-other-stories,"Sorry, Right Number, and Other Stories",Stephen King,Horror,English,3.81,370,2009-09-29,4.0,5.0,713.0,62.02327173169062
https://www.goodreads.com/book/show/12120005-upori-te-iii-deo,Uporište III deo,Stephen King,Horror,Serbian,4.32,326,1978-09-01,275.0,4.0,184.0,30.94592744695414
https://www.goodreads.com/book/show/40897646-the-cat-from-hell,The Cat from Hell,Stephen King,Horror,English,3.72,381,2014-01-01,20.0,7.0,356.0,66.28062970568104
https://www.goodreads.com/book/show/18337996-the-ballad-of-the-flexible-bullet,Баллада о гибкой пуле [The Ballad of the Flexible Bullet],Stephen King,Horror,Russian,3.64,380,1999-01-01,299.0,7.0,139.0,51.279945242984255
https://www.goodreads.com/book/show/5476125-nightmares-dreamscapes-volume-iii,"Nightmares & Dreamscapes, Volume III",Stephen King,Horror,English,4.02,343,1994-07-01,299.0,4.0,396.0,46.776180698151954
https://www.goodreads.com/book/show/22369806-all-that-you-love-will-be-carried-away,All That You Love Will Be Carried Away,Stephen King,Short Stories,English,3.45,396,2011-01-01,299.0,0.0,472.0,63.279945242984255
https://www.goodreads.com/book/show/27776403-obits,Obits,Stephen King,Short Stories,English,3.76,361,2015-11-03,36.0,6.0,511.0,68.11772758384669
https://www.goodreads.com/book/show/61322579-la-larga-marcha,La larga marcha,Stephen King,Thriller,Spanish; Castilian,3.73,362,2022-01-01,352.0,31.0,309.0,74.28062970568104
https://www.goodreads.com/book/show/12364639-upori-te-ii-deo,Uporište II deo,Stephen King,Horror,Serbian,4.27,315,1978-09-01,520.0,6.0,168.0,30.94592744695414
https://www.goodreads.com/book/show/48554190,الشبح الذي جاء يعتذر,Stephen King,Short Stories,Arabic,3.41,393,2019-01-01,400.0,50.0,0.0,71.27994524298425
https://www.goodreads.com/book/show/36159051-here-there-be-tygers,Here There Be Tygers,Stephen King,Horror,English,2.51,528,1968-04-01,6.0,0.0,178.0,20.528405201916495
https://www.goodreads.com/book/show/10581.The_Mist,The Mist: In 3 D Sound,Stephen King,Horror,English,3.86,340,1980-08-29,2.0,2.0,80.0,32.93908281998631
https://www.goodreads.com/book/show/2635353-four-past-midnight-needful-things,Four Past Midnight / Needful Things,Stephen King,,English,4.23,307,1995-11-01,299.0,6.0,158.0,48.11225188227242
https://www.goodreads.com/book/show/40816495-battleground,Battleground,Stephen King,Short Stories,English,3.31,391,1972-01-01,10.0,0.0,215.0,24.279260780287473
https://www.goodreads.com/book/show/6509372-chattery-teeth-and-other-stories,"Chattery Teeth, and Other Stories",Stephen King,Horror,English,3.82,337,1992-01-01,5.0,2.0,581.0,44.27926078028747
https://www.goodreads.com/book/show/6346098-the-house-on-maple-street,The House on Maple Street: and Other Stories,Stephen King,Horror,English,3.62,354,2009-06-30,5.0,9.0,825.0,61.7741273100616
https://www.goodreads.com/book/show/6400590-it-grows-on-you-and-other-stories,"It Grows on You, and Other Stories",Stephen King,Horror,English,3.6,355,2009-09-29,299.0,0.0,526.0,62.02327173169062
https://www.goodreads.com/book/show/6520574-dolan-s-cadillac-and-other-stories,"Dolan's Cadillac, and Other Stories",Stephen King,Horror,English,3.96,318,2009-06-30,299.0,7.0,486.0,61.7741273100616
https://www.goodreads.com/book/show/22614216-willa,Willa,Stephen King,Short Stories,,3.66,339,2006-12-01,24.0,4.0,310.0,59.19507186858316
https://www.goodreads.com/book/show/10599.Gray_Matter_and_Other_Stories_from_Night_Shift,Gray Matter and Other Stories from Night Shift,Stephen King,Horror,English,3.81,325,1993-08-01,299.0,4.0,338.0,45.86173853524983
https://www.goodreads.com/book/show/59169371-the-last-rung-on-the-ladder,The Last Rung On the Ladder,Stephen King,Short Stories,English,4.05,302,1978-02-01,10.0,0.0,168.0,30.365503080082135
https://www.goodreads.com/book/show/363071.The_Ransome_Women_The_Things_They_Left_Behind,The Ransome Women; The Things They Left Behind,Stephen King,Fiction,English,3.57,330,2006-08-29,320.0,3.0,413.0,58.93771389459275
https://www.goodreads.com/book/show/22888764-that-bus-is-another-world,That Bus Is Another World,Stephen King,Short Stories,English,3.45,339,2014-08-01,4.0,2.0,699.0,66.86105407255305
https://www.goodreads.com/book/show/51491217-the-fifth-step,The Fifth Step,Stephen King,Short Stories,English,4.0,285,2020-03-01,10.0,2.0,82.0,72.4435318275154
https://www.goodreads.com/book/show/155525.Katzenauge_Filmerz_hlungen,Katzenauge. Filmerzählungen,Stephen King,Horror,German,3.76,299,1986-01-01,236.0,0.0,195.0,38.28062970568104
https://www.goodreads.com/book/show/18929109-de-laatste-laddersport,De laatste laddersport,Stephen King,Short Stories,Dutch; Flemish,4.03,268,1987-01-01,173.0,2.0,270.0,39.279945242984255
https://www.goodreads.com/book/show/2039347.Stephen_King_Collection,Stephen King Collection,Stephen King,Horror,English,4.51,233,1991-12-01,299.0,6.0,911.0,44.19438740588638
https://www.goodreads.com/book/show/155522.Im_Morgengrauen_Unheimliche_Geschichten,Im Morgengrauen. Unheimliche Geschichten,Stephen King,Horror,German,3.64,287,1987-02-01,281.0,8.0,238.0,39.36481861738535
https://www.goodreads.com/book/show/45714016-before-the-play,Before the Play: Prequel to The Shining,Stephen King,Horror,English,3.79,278,1982-08-01,44.0,7.0,0.0,34.861054072553046
https://www.goodreads.com/book/show/30320208-hearts-in-suspension,Hearts in Suspension,Stephen King,Nonfiction,English,4.05,254,2016-11-07,373.0,14.0,0.0,69.13073237508556
https://www.goodreads.com/book/show/17801861-stephen-king,Stephen King: The Playboy Interview,Stephen King,Nonfiction,English,4.21,234,1983-06-01,33.0,50.0,670.0,35.6933607118412
https://www.goodreads.com/book/show/1810173.Brume_,Brume : Paranoïa,Stephen King,Horror,French,3.65,270,1985-01-01,409.0,8.0,145.0,37.281314168377826
https://www.goodreads.com/book/show/59445270-apr-s,Après,Stephen King,Thriller,French,3.82,255,2021-11-03,324.0,12.0,86.0,74.11909650924025
https://www.goodreads.com/book/show/1802431._a_1,Ça - 1,Stephen King,Horror,French,4.28,227,1986-09-15,499.0,5.0,129.0,38.98425735797399
https://www.goodreads.com/book/show/33311029-crouch-end,Crouch End: Story aus Albträume,Stephen King,Horror,German,3.6,267,2016-08-22,50.0,5.0,122.0,68.91991786447639
https://www.goodreads.com/book/show/27318481-the-reaper-s-image,The Reaper's Image,Stephen King,Horror,English,3.1,305,1997-02-27,1.0,3.0,195.0,49.43737166324435
https://www.goodreads.com/book/show/1810206.Bazaar_1,Bazaar 1,Stephen King,Horror,French,4.05,226,1991-01-01,382.0,8.0,383.0,43.279945242984255
https://www.goodreads.com/book/show/18579709-building-bridges-stephen-king-live-at-the-national-book-award,Building Bridges Stephen King Live at the National Book Award,Stephen King,Nonfiction,,4.29,213,2004-09-13,299.0,0.0,178.0,56.98015058179329
https://www.goodreads.com/book/show/16064979-memory,Memory,Stephen King,Short Stories,English,3.54,257,2006-07-01,28.0,2.0,376.0,58.776180698151954
https://www.goodreads.com/book/show/55983864-the-library-policeman,The Library Policeman,Stephen King,Horror,English,3.77,239,1990-01-01,199.0,3.0,293.0,42.28062970568104
https://www.goodreads.com/book/show/17225857-ghost-brothers-of-darkland-county,Ghost Brothers of Darkland County,Stephen King,Horror,English,3.89,231,2013-03-19,110.0,7.0,905.0,65.492128678987
https://www.goodreads.com/book/show/39684503-la-lunga-marcia---l-uomo-in-fuga,La lunga marcia - L'uomo in fuga,Stephen King,Horror,Italian,3.84,229,1987-01-01,410.0,10.0,307.0,39.279945242984255
https://www.goodreads.com/book/show/17303936-ii,"Четири след полунощ, част II: Библиотечна полиция; Слънчевото куче",Stephen King,Horror,Bulgarian,4.11,210,1990-01-01,430.0,2.0,96.0,42.28062970568104
https://www.goodreads.com/book/show/11579.Der_Gesang_der_Toten,Der Gesang der Toten,Stephen King,Horror,German,3.45,246,1986-01-01,282.0,10.0,199.0,38.28062970568104
https://www.goodreads.com/book/show/27776396-mister-yummy,Mister Yummy,Stephen King,Short Stories,English,3.23,262,2015-11-03,16.0,2.0,360.0,68.11772758384669
https://www.goodreads.com/book/show/15776556-the-crate,The Crate,Stephen King,Horror,,3.69,227,1979-07-01,20.0,6.0,382.0,31.77549623545517
https://www.goodreads.com/book/show/37845813-things-they-left-behind,Things They Left Behind,Stephen King,Short Stories,English,3.84,218,2005-01-01,41.0,3.0,399.0,57.281314168377826
https://www.goodreads.com/book/show/24407262-22-11-63-parte-ii,22/11/63 Parte II,Stephen King,Historical Fiction,Spanish; Castilian,4.35,191,2015-01-16,512.0,9.0,370.0,67.32101300479124
https://www.goodreads.com/book/show/13029400-stephen-king---short-stories-book-guide,Stephen King - Short Stories (Book Guide): 1408 - 1922 - a Good Marriage - a Very Tight Place - All That You Love Will Be Carried Away - Apt Pupil - Autopsy,Stephen King,Horror,English,3.73,218,2011-10-28,38.0,3.0,404.0,64.10130047912389
https://www.goodreads.com/book/show/57116448-the-hard-case-crime-novels-of-stephen-king,The Hard Case Crime Novels of Stephen King: Later / Joyland / The Colorado Kid,Stephen King,Fiction,English,4.15,196,2021-09-14,768.0,8.0,379.0,73.98220396988364
https://www.goodreads.com/book/show/155523.Der_Fornit_Unheimliche_Geschichten_,Der Fornit. Unheimliche Geschichten.,Stephen King,Horror,German,3.53,228,1987-01-01,250.0,4.0,179.0,39.279945242984255
https://www.goodreads.com/book/show/34944063-la-torre-oscura-integral-i---la-canci-n-de-roland,La Torre Oscura Integral I - La Canción de Roland,Stephen King,Comics,Spanish; Castilian,4.22,188,2017-02-01,800.0,31.0,148.0,69.36618754277892
https://www.goodreads.com/book/show/1810208.Bazaar_2,Bazaar 2,Stephen King,Fantasy,French,4.15,190,1991-01-01,448.0,5.0,362.0,43.279945242984255
https://www.goodreads.com/book/show/18915994-stephen-king-s-n,Stephen King's N.,Stephen King,Horror,,4.08,195,2008-08-01,57.0,15.0,259.0,60.86242299794661
https://www.goodreads.com/book/show/86026544-the-dark-tower-vii,The Dark Tower VII: The Dark Tower,Stephen King,Fiction,English,4.59,169,2005-11-01,864.0,14.0,54.0,58.11362080766598
https://www.goodreads.com/book/show/26041253-el-cazador-de-sue-os,El cazador de sueños,Stephen King,Horror,Spanish; Castilian,3.51,220,2001-01-01,416.0,13.0,200.0,53.281314168377826
https://www.goodreads.com/book/show/219491.Shadows,Shadows,Stephen King,Horror,English,3.86,198,1981-01-01,223.0,4.0,429.0,33.281314168377826
https://www.goodreads.com/book/show/9975471-eenmalige-zonde,Eenmalige zonde: met bonusverhaal Blockade Billy,Stephen King,Thriller,Dutch; Flemish,2.75,277,2011-01-01,160.0,4.0,109.0,63.279945242984255
https://www.goodreads.com/book/show/30528275-sis,Sis,Stephen King,Horror,,3.91,191,2007-01-01,384.0,12.0,214.0,59.279945242984255
https://www.goodreads.com/book/show/29568213-die-meerenge,Die Meerenge: Story aus Blut [The Reach],Stephen King,Short Stories,German,3.33,220,2016-03-21,60.0,3.0,106.0,68.49828884325804
https://www.goodreads.com/book/show/38482805-the-bone-church,The Bone Church,Stephen King,Poetry,,2.58,270,2009-11-01,10.0,2.0,308.0,62.11362080766598
https://www.goodreads.com/book/show/3429819-hearts-in-atlantis-misery,Hearts in Atlantis / Misery,Stephen King,Horror,,4.36,159,2001-09-17,299.0,2.0,181.0,53.99041752224504
https://www.goodreads.com/book/show/202058361-l-uomo-in-nero,L'uomo in nero,Stephen King,,Italian,3.43,199,2023-11-14,96.0,0.0,29.0,76.14784394250513
https://www.goodreads.com/book/show/12677.Carrie_Cujo_Night_shift,Carrie / Cujo / Night shift,Stephen King,Horror,English,4.33,157,1979-01-01,299.0,2.0,165.0,31.279945242984255
https://www.goodreads.com/book/show/155593._a_3,Ça - 3,Stephen King,Horror,French,4.27,159,1986-09-15,512.0,2.0,170.0,38.98425735797399
https://www.goodreads.com/book/show/49725009-mute,Mute,Stephen King,Short Stories,,3.89,173,2007-01-01,24.0,2.0,147.0,59.279945242984255
https://www.goodreads.com/book/show/123410533-n-cro,Nécro,Stephen King,,,3.26,205,2023-03-29,109.0,3.0,61.0,75.51813826146476
https://www.goodreads.com/book/show/848438.Les_Tommyknockers_1,Les Tommyknockers 1,Stephen King,Horror,,3.75,178,1987-11-10,314.0,7.0,159.0,40.1368925393566
https://www.goodreads.com/book/show/20506198,"Корпорация ""Бросайте курить""",Stephen King,Fiction,Russian,4.24,156,1978-01-01,304.0,0.0,57.0,30.28062970568104
https://www.goodreads.com/book/show/7204621-the-secretary-of-dreams-volume-two,"The Secretary of Dreams, Volume Two",Stephen King,Horror,,4.35,151,2010-09-01,260.0,0.0,848.0,62.945927446954144
https://www.goodreads.com/book/show/56505414,롱 워크,Stephen King,Thriller,,3.69,167,2015-11-10,440.0,12.0,288.0,68.13689253935661
https://www.goodreads.com/book/show/57679366-the-stand---a-dan-a-da-morte---livro-i,The Stand - A Dança da Morte - Livro I,Stephen King,,,4.29,146,2021-01-01,704.0,24.0,118.0,73.28131416837782
https://www.goodreads.com/book/show/55721423-on-slide-inn-road,On Slide Inn Road,Stephen King,Short Stories,,3.77,166,2020-10-01,299.0,4.0,193.0,73.02943189596166
https://www.goodreads.com/book/show/57793435-guns-contro-le-armi,Guns. Contro le armi,Stephen King,Nonfiction,Italian,4.09,152,2021-05-04,112.0,0.0,50.0,73.61806981519507
https://www.goodreads.com/book/show/13507867-r-yalar-ve-karabasanlar,Rüyalar ve Karabasanlar,Stephen King,Horror,,3.66,169,2005-01-01,264.0,5.0,65.0,57.281314168377826
https://www.goodreads.com/book/show/198970606,Переслідуваний. Схудлий,Stephen King,,,4.4,136,2023-10-01,544.0,13.0,119.0,76.02737850787132
https://www.goodreads.com/book/show/27778014-grave-predictions,"Grave Predictions: Tales of Mankind’s Post-Apocalyptic, Dystopian and Disastrous Destiny",Stephen King,Horror,English,3.55,166,2016-09-21,304.0,79.0,570.0,69.00205338809035
https://www.goodreads.com/book/show/2137079.Le_Singe_suivi_de_Le_chenal,"Le Singe, suivi de Le chenal",Stephen King,Fiction,,3.05,193,2001-04-25,95.0,5.0,116.0,53.59342915811088
https://www.goodreads.com/book/show/1810198.The_Shining_Salem_s_Lot_Danse_Macabre,The Shining / 'Salem's Lot / Danse Macabre,Stephen King,Horror,,4.45,132,1989-11-01,299.0,2.0,164.0,42.11362080766598
https://www.goodreads.com/book/show/62791805-fairy-tale-hardcover-by-stephen-king-lord-of-the-flies-by-william-gol,"Fairy Tale [Hardcover] By Stephen King, Lord of the Flies By William Golding 2 Books Collection Set",Stephen King,Fantasy,English,4.16,141,2022-01-01,299.0,14.0,142.0,74.28062970568104
https://www.goodreads.com/book/show/15744939-the-night-of-the-tiger,The Night of the Tiger,Stephen King,Horror,,3.35,173,1978-08-01,299.0,5.0,305.0,30.86105407255305
https://www.goodreads.com/book/show/1802434._a_2,Ça - 2,Stephen King,Horror,,4.34,131,1986-09-15,512.0,7.0,92.0,38.98425735797399
https://www.goodreads.com/book/show/25656474-un-saco-de-huesos-parte-i,"Un saco de huesos, parte I",Stephen King,,,3.79,150,1998-09-22,384.0,4.0,131.0,51.00342231348392
https://www.goodreads.com/book/show/52032328-de-groene-mijl,De groene mijl,Stephen King,Thriller,Dutch; Flemish,4.41,126,1996-01-01,394.0,11.0,101.0,48.27926078028747
https://www.goodreads.com/book/show/57345880-willie-the-weirdo,Willie the Weirdo,Stephen King,Horror,,3.88,143,2022-06-01,17.0,2.0,166.0,74.69404517453799
https://www.goodreads.com/book/show/42153386-buick-8-volume-1,"Buick 8, Volume 1",Stephen King,,,3.32,164,2004-01-01,200.0,11.0,168.0,56.27926078028747
https://www.goodreads.com/book/show/17163507-nesanica-1-dio,Nesanica 1. dio,Stephen King,Horror,Croatian,3.88,139,1994-09-15,227.0,4.0,64.0,46.98425735797399
https://www.goodreads.com/book/show/1389861.Carrie_Christine_The_Shining,Carrie / Christine / The Shining,Stephen King,Horror,French,4.51,118,2000-10-19,299.0,0.0,125.0,53.07871321013005
https://www.goodreads.com/book/show/52219156-czarna-bezgwiezdna-noc,Czarna bezgwiezdna noc,Stephen King,,,3.88,136,2016-01-01,488.0,10.0,80.0,68.27926078028747
https://www.goodreads.com/book/show/354106.Les_Tommyknockers_2,Les Tommyknockers 2,Stephen King,Horror,French,3.91,133,1987-11-10,314.0,3.0,118.0,40.1368925393566
https://www.goodreads.com/book/show/58653164-the-music-room,The Music Room,Stephen King,Horror,English,3.55,145,2016-11-16,299.0,0.0,70.0,69.15537303216975
https://www.goodreads.com/book/show/34925241-the-new-york-times-at-special-bargain-rates,The New York Times at Special Bargain Rates,Stephen King,Short Stories,,3.58,144,2008-11-01,20.0,0.0,98.0,61.11430527036276
https://www.goodreads.com/book/show/2457773.Carrie_Christine,Carrie / Christine,Stephen King,Fiction,,4.26,120,2002-08-01,299.0,2.0,130.0,54.861054072553046
https://www.goodreads.com/book/show/54220597-lsnienie,Lsnienie,Stephen King,Horror,,3.84,133,2011-01-01,299.0,17.0,88.0,63.279945242984255
https://www.goodreads.com/book/show/12400474,და ბუა მოვიდა,Stephen King,Short Stories,Georgian,3.75,134,2011-01-01,160.0,0.0,89.0,63.279945242984255
https://www.goodreads.com/book/show/11609365-tri-tarot-karte,Tri tarot karte,Stephen King,Fantasy,Serbian,4.32,116,2004-01-01,299.0,5.0,28.0,56.27926078028747
https://www.goodreads.com/book/show/155592.Verano_de_corrupci_n,Verano de corrupción,Stephen King,,,4.18,120,1995-02-01,354.0,9.0,135.0,47.36481861738535
https://www.goodreads.com/book/show/28215018,Мъглата,Stephen King,Horror,Bulgarian,4.07,121,1985-06-21,272.0,2.0,65.0,37.74948665297741
https://www.goodreads.com/book/show/49730272-ayana,Ayana,Stephen King,Short Stories,,3.45,146,2007-01-01,17.0,0.0,87.0,59.279945242984255
https://www.goodreads.com/book/show/40505081-las-tierras-bald-as,Las tierras baldías,Stephen King,,Spanish; Castilian,4.33,112,2008-01-01,299.0,7.0,54.0,60.27926078028747
https://www.goodreads.com/book/show/30750512-2,Страшни сънища за продан 2,Stephen King,Horror,Bulgarian,4.0,121,2015-11-02,336.0,0.0,85.0,68.11498973305955
https://www.goodreads.com/book/show/26087505-el-cazador-de-sue-os-parte-2,El cazador de sueños Parte 2,Stephen King,Horror,Spanish; Castilian,3.56,134,2015-01-01,384.0,2.0,134.0,67.27994524298425
https://www.goodreads.com/book/show/21845372-the-glass-floor,The Glass Floor,Stephen King,Horror,English,3.42,139,1967-01-01,7.0,4.0,376.0,19.279945242984255
https://www.goodreads.com/book/show/53307751-fin-de-guardia,Fin De Guardia,Stephen King,,,3.93,121,2017-01-01,299.0,4.0,71.0,69.28131416837782
https://www.goodreads.com/book/show/1019813.The_Jaunt_Beachworld,"The Jaunt, & Beachworld",Stephen King,Horror,English,3.93,121,1985-06-01,1.0,2.0,180.0,37.69472963723477
https://www.goodreads.com/book/show/1810175.Brume_,Brume : La Faucheuse,Stephen King,Horror,French,3.7,128,1985-01-01,409.0,7.0,191.0,37.281314168377826
https://www.goodreads.com/book/show/53172493-the-waste-lands,The Waste Lands,Stephen King,,English,4.31,108,1993-01-01,592.0,6.0,47.0,45.281314168377826
https://www.goodreads.com/book/show/123255403-conte-de-f-es,Conte de fées,Stephen King,,,3.97,116,2023-04-12,708.0,22.0,79.0,75.5564681724846
https://www.goodreads.com/book/show/22023589,Η μέθοδος αναπνοων,Stephen King,Fiction,"Greek, Modern (1453-)",3.53,129,1999-01-01,184.0,0.0,51.0,51.279945242984255
https://www.goodreads.com/book/show/17189311-razernij-de-marathon,Razernij / De marathon,Stephen King,Horror,Dutch; Flemish,3.73,122,1991-01-01,403.0,3.0,110.0,43.279945242984255
https://www.goodreads.com/book/show/49623841-the-doctor-s-case,The Doctor’s Case,Stephen King,Short Stories,English,3.63,123,1987-01-01,5.0,0.0,94.0,39.279945242984255
https://www.goodreads.com/book/show/10783474,Маймуната,Stephen King,Horror,Bulgarian,3.88,114,1993-01-01,350.0,0.0,63.0,45.281314168377826
https://www.goodreads.com/book/show/52226075-the-drawing-of-the-three,The Drawing of the Three,Stephen King,Fantasy,English,4.42,99,2019-10-22,1.0,4.0,50.0,72.0848733744011
https://www.goodreads.com/book/show/53902769-le-molosse-surgi-du-soleil,Le Molosse surgi du soleil,Stephen King,,French,3.08,142,2020-06-03,330.0,11.0,88.0,72.70088980150582
https://www.goodreads.com/book/show/22712842-1,Подпалвачката. Част 1,Stephen King,Horror,Bulgarian,4.28,101,1980-09-29,304.0,4.0,68.0,33.02395619438741
https://www.goodreads.com/book/show/62814222-n,N.,Stephen King,,French,3.73,115,2022-09-28,144.0,4.0,62.0,75.0198494182067
https://www.goodreads.com/book/show/17163510-nesanica-2-dio,Nesanica 2. dio,Stephen King,Horror,Croatian,4.01,105,1994-09-15,348.0,3.0,86.0,46.98425735797399
https://www.goodreads.com/book/show/53409725-home-delivery,Home delivery,Stephen King,Horror,English,3.33,126,1989-01-01,299.0,0.0,83.0,41.281314168377826
https://www.goodreads.com/book/show/134793439-afterlife,Afterlife,Stephen King,Short Stories,English,3.54,117,2013-06-11,18.0,0.0,28.0,65.72210814510609
https://www.goodreads.com/book/show/25691660-un-saco-de-huesos-parte-ii,"Un saco de huesos, parte II",Stephen King,,Spanish; Castilian,3.94,104,1998-09-22,326.0,3.0,55.0,51.00342231348392
https://www.goodreads.com/book/show/42107008-the-turbulence-expert,The Turbulence Expert,Stephen King,Short Stories,English,3.54,122,2018-09-01,1.0,3.0,195.0,70.94592744695414
https://www.goodreads.com/book/show/55135424-stephen-king-collection-2-books-set,Stephen King Collection 2 Books Set,Stephen King,,English,4.25,91,2020-01-01,299.0,14.0,159.0,72.27926078028747
https://www.goodreads.com/book/show/9871034-stephen-king-presents-the-monkey,"Stephen King Presents ""The Monkey""",Stephen King,Horror,English,3.54,109,2005-07-30,328.0,3.0,224.0,57.856262833675565
https://www.goodreads.com/book/show/59916214-piina,Piina,Stephen King,Horror,,4.0,95,1987-01-01,390.0,6.0,32.0,39.279945242984255
https://www.goodreads.com/book/show/1811226.Les_Tommyknockers_3,Les Tommyknockers 3,Stephen King,Horror,French,3.88,96,1987-11-10,320.0,2.0,51.0,40.1368925393566
https://www.goodreads.com/book/show/57985226-it-came-from-the-garage,It Came from the Garage!: An Anthology of Automotive Horror,Stephen King,,English,3.92,93,2021-05-07,391.0,69.0,101.0,73.62628336755647
https://www.goodreads.com/book/show/11934845-hodina-d-su,Hodina děsu,Stephen King,Horror,Czech,4.0,91,1992-01-01,126.0,2.0,46.0,44.27926078028747
https://www.goodreads.com/book/show/8470110-raft-and-the-reaper-s-image,"Raft, and, The Reaper's Image",Stephen King,Horror,English,3.39,104,1985-11-01,299.0,0.0,168.0,38.11362080766598
https://www.goodreads.com/book/show/128841455-the-dark-tower-1,The Dark Tower #1,Stephen King,,English,3.36,105,2007-01-01,299.0,15.0,137.0,59.279945242984255
https://www.goodreads.com/book/show/29768653,Способный ученик,Stephen King,Fiction,Russian,4.03,87,1982-01-01,3.0,0.0,35.0,34.280629705681044
https://www.goodreads.com/book/show/202678240-the-man-in-the-black-suit,The Man in the Black Suit,Stephen King,Horror,English,3.6,97,1994-10-31,25.0,2.0,35.0,47.110198494182065
https://www.goodreads.com/book/show/144695851-rare-elevation-by-stephen-king---1st-1st-hcdj---2018---fine,Rare ELEVATION by Stephen King - 1st/1st HCDJ - 2018 - FINE,Stephen King,,English,3.77,92,2018-01-01,299.0,6.0,49.0,70.28062970568104
https://www.goodreads.com/book/show/22712604-1,Кристин. Част 1,Stephen King,Horror,Bulgarian,4.26,81,1983-04-29,336.0,0.0,36.0,35.60301163586585
https://www.goodreads.com/book/show/15830574-the-things-they-left-behind-the-ransome-women,The Things They Left Behind / The Ransome Women,Stephen King,Fantasy,English,3.79,90,2005-01-01,304.0,0.0,221.0,57.281314168377826
https://www.goodreads.com/book/show/22364167-dvikova-pirma-knyga,"Dvikova, pirma knyga",Stephen King,Horror,Lithuanian,4.2,81,1997-01-01,479.0,2.0,64.0,49.281314168377826
https://www.goodreads.com/book/show/54630326-sneakers,Sneakers,Stephen King,Horror,,3.29,103,1989-08-10,299.0,0.0,54.0,41.88637919233402
https://www.goodreads.com/book/show/25902379-la-historia-de-lisey-parte-i,La historia de Lisey Parte I,Stephen King,Horror,Spanish; Castilian,3.64,92,2006-01-01,312.0,8.0,142.0,58.28062970568104
https://www.goodreads.com/book/show/6909975-riding-the-bullet,Riding the Bullet: The Deluxe Special Edition Double,Stephen King,Horror,English,3.77,86,2010-10-01,400.0,0.0,108.0,63.0280629705681
https://www.goodreads.com/book/show/8356478,Η μπαλάντα της ελαστικής σφαίρας,Stephen King,,"Greek, Modern (1453-)",3.65,88,1990-01-01,163.0,0.0,74.0,42.28062970568104
https://www.goodreads.com/book/show/10717675-y-n-net,Yön äänet,Stephen King,Horror,Finnish,3.64,88,1989-01-01,285.0,3.0,52.0,41.281314168377826
https://www.goodreads.com/book/show/75616963-rattlesnakes,Rattlesnakes,Stephen King,Horror,,4.21,76,2023-01-01,4.0,0.0,40.0,75.27994524298425
https://www.goodreads.com/book/show/43260086-tutto-e-fatidico,Tutto e fatidico,Stephen King,Horror,Italian,3.8,84,2013-09-26,299.0,9.0,81.0,66.01505817932923
https://www.goodreads.com/book/show/25563674,Дорожные работы. Долгая прогулка,Stephen King,,Russian,4.01,79,2013-01-01,608.0,2.0,56.0,65.28131416837782
https://www.goodreads.com/book/show/26240988-stephen-king-box-set,"Stephen King Box Set: Mr. Mercedes, Everything's Eventual, Lisey's Story",Stephen King,,English,4.4,72,2015-11-03,1440.0,5.0,355.0,68.11772758384669
https://www.goodreads.com/book/show/40489594-the-reploids,The Reploids,Stephen King,Horror,English,3.04,104,1989-01-01,299.0,2.0,115.0,41.281314168377826
https://www.goodreads.com/book/show/79237028-sleeping-beauties-graphic-novel,Sleeping Beauties. Graphic novel,Stephen King,Graphic Novels,Italian,3.32,95,2023-01-17,252.0,4.0,52.0,75.32375085557837
https://www.goodreads.com/book/show/10336757-people-places-and-things,"People, Places, and Things",Stephen King,Horror,English,3.22,96,1960-01-01,18.0,0.0,332.0,12.279260780287474
https://www.goodreads.com/book/show/30756395-an-evening-at-gods,An Evening at GODs,Stephen King,,English,3.26,90,2016-06-25,6.0,0.0,4.0,68.76112251882273
https://www.goodreads.com/book/show/12398862-de-satanskinderen-en-andere-verhalen,De Satanskinderen en andere verhalen,Stephen King,Horror,Dutch; Flemish,3.65,80,1985-01-01,248.0,4.0,88.0,37.281314168377826
https://www.goodreads.com/book/show/15014723-the-stranger,The Stranger,Stephen King,Horror,English,3.17,89,1960-01-01,299.0,3.0,236.0,12.279260780287474
https://www.goodreads.com/book/show/19485394-d-me,Dôme,Stephen King,,French,4.13,68,2009-11-10,640.0,6.0,79.0,62.13826146475017
https://www.goodreads.com/book/show/56225322-stephen-king-in-his-own-words,Stephen King In His Own Words,Stephen King,Audiobook,English,4.1,68,2013-02-14,299.0,2.0,42.0,65.40177960301163
https://www.goodreads.com/book/show/7632207-dolan-v-cadillac,Dolanův cadillac : Noční můry a snové výjevy,Stephen King,Horror,Czech,3.48,80,1993-01-01,318.0,0.0,34.0,45.281314168377826
https://www.goodreads.com/book/show/15014920-squad-d,Squad D,Stephen King,Horror,English,3.6,77,2018-01-01,12.0,3.0,459.0,70.28062970568104
https://www.goodreads.com/book/show/55263752-dedication,Dedication,Stephen King,Horror,English,2.74,100,1988-06-01,46.0,2.0,49.0,40.695414099931554
https://www.goodreads.com/book/show/256687.Stephen_King_Live_,Stephen King Live!,Stephen King,,English,3.94,69,1999-06-17,299.0,3.0,580.0,51.73716632443532
https://www.goodreads.com/book/show/26003904-duma-key-parte-ii,Duma Key Parte II,Stephen King,,Spanish; Castilian,4.14,64,2008-09-22,392.0,0.0,203.0,61.00479123887748
https://www.goodreads.com/book/show/32939600-a-magas-f-ben-teljes-g-zzal,A magas fűben / Teljes gázzal,Stephen King,,Hungarian,3.98,66,2016-10-01,128.0,0.0,36.0,69.02943189596166
https://www.goodreads.com/book/show/17163530-liseyna-pri-a-2-dio,"Liseyna priča, 2. dio",Stephen King,Horror,Croatian,3.85,68,2008-01-01,256.0,0.0,73.0,60.27926078028747
https://www.goodreads.com/book/show/18148395,Татик,Stephen King,Horror,Bulgarian,3.87,67,1994-01-01,219.0,0.0,44.0,46.28062970568104
https://www.goodreads.com/book/show/11591.Lobos_del_Calla_1,Lobos del Calla 1,Stephen King,,Spanish; Castilian,4.23,61,2004-12-01,552.0,5.0,21.0,57.19644079397673
https://www.goodreads.com/book/show/168314489-un-tour-sur-le-bolide,Un tour sur le Bolide,Stephen King,,French,3.61,70,2023-09-27,160.0,0.0,28.0,76.0164271047228
https://www.goodreads.com/book/show/2718727-omnibus-2,Omnibus 2: The Eyes of the Dragon / Firestarter,Stephen King,Horror,English,4.2,60,2000-01-01,936.0,2.0,211.0,52.27926078028747
https://www.goodreads.com/book/show/14739241-the-thing-at-the-bottom-of-the-well,The Thing at the Bottom of the Well,Stephen King,Horror,,3.54,71,1960-01-01,299.0,0.0,251.0,12.279260780287474
https://www.goodreads.com/book/show/53903576-saco-de-ossos,Saco de ossos,Stephen King,,Portuguese,3.91,64,2012-08-30,697.0,6.0,35.0,64.94182067077344
https://www.goodreads.com/book/show/52726608-schwarz-der-dunkle-turm-band-1,"Schwarz Der Dunkle Turm, Band 1",Stephen King,,German,3.85,65,2003-01-01,352.0,2.0,36.0,55.279945242984255
https://www.goodreads.com/book/show/22364177-dvikova-antra-knyga,"Dvikova, antra knyga",Stephen King,Horror,Lithuanian,4.15,60,1997-01-01,479.0,0.0,42.0,49.281314168377826
https://www.goodreads.com/book/show/49015398-stephen-king-collection-4-books-set,Stephen King Collection 4 Books Set,Stephen King,,English,4.33,57,2019-01-01,299.0,11.0,144.0,71.27994524298425
https://www.goodreads.com/book/show/63326772-willie-lo-strambo-e-altre-storie-macabre,Willie lo strambo e altre storie. Macabre,Stephen King,Horror,Italian,3.19,77,2022-11-15,241.0,8.0,51.0,75.15126625598904
https://www.goodreads.com/book/show/25957722-duma-key-parte-i,"Duma Key, parte I",Stephen King,Horror,Spanish; Castilian,4.02,61,2008-09-22,352.0,2.0,91.0,61.00479123887748
https://www.goodreads.com/book/show/22712855-2,Подпалвачката. Част 2,Stephen King,,Bulgarian,4.45,55,1980-09-29,288.0,2.0,34.0,33.02395619438741
https://www.goodreads.com/book/show/22712608-2,Кристин. Част 2,Stephen King,Horror,Bulgarian,4.28,57,1983-04-29,288.0,0.0,37.0,35.60301163586585
https://www.goodreads.com/book/show/157363994-colorado-kid,Colorado Kid,Stephen King,,Spanish; Castilian,2.93,90,2006-03-04,299.0,4.0,29.0,58.450376454483234
https://www.goodreads.com/book/show/210157909-la-sangre-manda,La sangre manda,Stephen King,,Spanish; Castilian,3.87,68,2024-04-09,464.0,23.0,32.0,76.55030800821355
https://www.goodreads.com/book/show/86496091-under-the-dome---a-novel,Under The Dome - A Novel,Stephen King,Horror,English,3.97,63,2010-03-30,299.0,4.0,95.0,62.521560574948666
https://www.goodreads.com/book/show/58754020-el-pistolero,El pistolero,Stephen King,,Spanish; Castilian,3.89,64,2021-07-29,267.0,24.0,14.0,73.85352498288843
https://www.goodreads.com/book/show/11878499-the-collective,The Collective,Stephen King,Horror,,3.58,67,2000-06-01,238.0,7.0,428.0,52.695414099931554
https://www.goodreads.com/book/show/43693751-verlichting,Verlichting,Stephen King,,Dutch; Flemish,3.41,70,2019-03-12,102.0,0.0,22.0,71.4715947980835
https://www.goodreads.com/book/show/18809399,Темная половина,Stephen King,Fiction,Russian,3.85,62,1993-01-01,429.0,2.0,38.0,45.281314168377826
https://www.goodreads.com/book/show/27797923-i,უნაყოფო მიწები I,Stephen King,,Georgian,3.98,60,2001-01-01,330.0,0.0,70.0,53.281314168377826
https://www.goodreads.com/book/show/49906208-la-part-des-t-n-bres,La Part des ténèbres,Stephen King,,French,3.98,60,1990-01-01,541.0,4.0,43.0,42.28062970568104
https://www.goodreads.com/book/show/23110849-i-am-the-doorway-one-for-the-road,I Am the Doorway & One for the Road,Stephen King,Horror,English,3.98,60,1977-01-01,299.0,0.0,128.0,29.281314168377826
https://www.goodreads.com/book/show/59655300-mroczna-wie-a-1-roland,Mroczna Wieża 1 Roland,Stephen King,Fantasy,Polish,3.62,66,2021-01-01,320.0,7.0,17.0,73.28131416837782
https://www.goodreads.com/book/show/18335424,النافذة السرية,Stephen King,,Arabic,3.43,69,2012-01-01,174.0,0.0,153.0,64.27926078028747
https://www.goodreads.com/book/show/53574887-die-leiche,Die Leiche: Novelle,Stephen King,,German,3.93,60,2020-05-11,257.0,6.0,29.0,72.63791923340177
https://www.goodreads.com/book/show/22750804-the-wavedancer-benefit,The Wavedancer Benefit: A Tribute to Frank Muller,Stephen King,Audiobook,English,4.2,56,2002-08-16,299.0,0.0,153.0,54.902121834360024
https://www.goodreads.com/book/show/58033425-l-occhio-del-male,L'Occhio Del Male,Stephen King,,Italian,3.73,63,1984-01-01,280.0,3.0,33.0,36.27926078028747
https://www.goodreads.com/book/show/41454205,Бегущий человек. Худеющий,Stephen King,,Russian,4.0,58,2010-01-01,412.0,2.0,27.0,62.28062970568104
https://www.goodreads.com/book/show/60700800-the-ten-o-clock-people,The Ten O’Clock People,Stephen King,Horror,,3.58,64,1993-01-01,57.0,2.0,28.0,45.281314168377826
https://www.goodreads.com/book/show/3963343-der-dunkle-turm-die-beiden-romane-schwarz-drei-in-einem-band,Der dunkle Turm. Die beiden Romane 'Schwarz' & 'Drei' in einem Band,Stephen King,Fantasy,German,3.96,57,1997-09-01,634.0,2.0,73.0,49.946611909650926
https://www.goodreads.com/book/show/12962970-vlucht-naar-de-top-de-marathon,Vlucht naar de top & De marathon,Stephen King,,Dutch; Flemish,3.69,61,1982-01-01,921.0,0.0,0.0,34.280629705681044
https://www.goodreads.com/book/show/16301001-tukikohta-1,Tukikohta 1,Stephen King,Horror,Finnish,4.05,55,1990-01-01,670.0,4.0,35.0,42.28062970568104
https://www.goodreads.com/book/show/2137078.Stephen_King_Nouvelles,Stephen King - Nouvelles,Stephen King,Thriller,Multiple languages,3.76,59,1990-01-01,202.0,2.0,83.0,42.28062970568104
https://www.goodreads.com/book/show/58736934-mr-mercedes,Mr. Mercedes,Stephen King,,Bengali,3.95,56,2014-06-09,376.0,0.0,28.0,66.71594798083504
https://www.goodreads.com/book/show/13261972-tolimosios-dykros,Tolimosios Dykros,Stephen King,,Lithuanian,3.96,55,2001-01-01,280.0,0.0,79.0,53.281314168377826
https://www.goodreads.com/book/show/24838258,Призрак,Stephen King,Horror,Bulgarian,4.13,52,1994-01-01,288.0,0.0,44.0,46.28062970568104
https://www.goodreads.com/book/show/49023831-kud-o,Kudžo,Stephen King,,Serbian,3.75,56,2019-10-01,336.0,4.0,37.0,72.02737850787132
https://www.goodreads.com/book/show/60795190-el-bazar-de-los-malos-sue-os,El bazar de los malos sueños,Stephen King,,Spanish; Castilian,3.6,58,2022-01-01,608.0,18.0,50.0,74.28062970568104
https://www.goodreads.com/book/show/5960341-la-ballade-de-la-balle-lastique-suivi-de-l-homme-qui-refusait-de-serre,"La Ballade de la balle élastique, suivi de L'homme qui refusait de serrer la main",Stephen King,Fiction,French,3.56,57,1995-09-01,100.0,0.0,66.0,47.945242984257355
https://www.goodreads.com/book/show/5023613,"Тот, кто хочет выжить",Stephen King,,Russian,4.02,50,2005-01-01,256.0,0.0,0.0,57.281314168377826
https://www.goodreads.com/book/show/12120006-suzanina-pesma,Suzanina pesma,Stephen King,Fantasy,Serbian,3.86,69,2007-01-01,401.0,0.0,23.0,59.279945242984255
https://www.goodreads.com/book/show/5023613,"Тот, кто хочет выжить",Stephen King,,Russian,4.02,50,2005-01-01,256.0,0.0,0.0,57.281314168377826
https://www.goodreads.com/book/show/18653608-in-a-half-world-of-terror,In a Half-World of Terror,Stephen King,Horror,English,2.87,70,1965-01-01,18.0,2.0,193.0,17.281314168377822
https://www.goodreads.com/book/show/28812958-todo-es-eventual-parte-1,Todo es eventual. Parte 1,Stephen King,,Spanish; Castilian,3.6,55,2002-03-01,304.0,9.0,51.0,54.44216290212184
https://www.goodreads.com/book/show/60124714-salem-s-lot-billy-summers,'Salem's Lot / Billy Summers,Stephen King,,English,4.56,43,2021-01-01,299.0,3.0,99.0,73.28131416837782
https://www.goodreads.com/book/show/59641186-quien-pierde-paga,Quien pierde paga,Stephen King,,Spanish; Castilian,4.45,44,2021-11-16,482.0,6.0,18.0,74.15468856947297
https://www.goodreads.com/book/show/12991104-ennen-aamunkoittoa,Ennen aamunkoittoa,Stephen King,Short Stories,Finnish,3.2,61,1985-01-01,313.0,0.0,44.0,37.281314168377826
https://www.goodreads.com/book/show/6065652-de-ontsnapping-de-leerling,De ontsnapping / De leerling,Stephen King,Horror,Dutch; Flemish,3.8,51,1982-01-01,395.0,2.0,46.0,34.280629705681044
https://www.goodreads.com/book/show/60586994-pistolarul,Pistolarul,Stephen King,Fiction,,3.73,52,2017-01-01,236.0,3.0,21.0,69.28131416837782
https://www.goodreads.com/book/show/6634055-p-t-tvrtina,Pátá čtvrtina : Noční můry a snové výjevy,Stephen King,Short Stories,Czech,3.69,52,1993-01-01,325.0,4.0,24.0,45.281314168377826
https://www.goodreads.com/book/show/18631864-slade,Slade,Stephen King,Short Stories,English,3.18,60,1970-06-01,31.0,0.0,184.0,22.694045174537987
https://www.goodreads.com/book/show/43599330--,الشيء - القسم الأول,Stephen King,Horror,Arabic,4.27,44,2018-01-01,616.0,4.0,114.0,70.28062970568104
https://www.goodreads.com/book/show/8356460,Η αφιέρωση,Stephen King,Fiction,"Greek, Modern (1453-)",3.12,60,1994-01-01,216.0,0.0,52.0,46.28062970568104
https://www.goodreads.com/book/show/51077601-d-me---tome-2,Dôme - tome 2,Stephen King,,French,4.11,45,2011-03-02,551.0,5.0,27.0,63.44421629021218
https://www.goodreads.com/book/show/97622491,Мизери,Stephen King,,Russian,4.4,42,1987-01-01,404.0,0.0,5.0,39.279945242984255
https://www.goodreads.com/book/show/18339489-het-lijk-de-ademhalingsmethode,Het lijk / De ademhalingsmethode,Stephen King,Horror,Dutch; Flemish,3.52,52,1991-01-01,301.0,0.0,65.0,43.279945242984255
https://www.goodreads.com/book/show/161685594-the-gun-slinger-the-dark-tower-part-i,The Gun Slinger The Dark Tower Part I,Stephen King,,English,3.39,54,1982-01-01,299.0,9.0,65.0,34.280629705681044
https://www.goodreads.com/book/show/18396374-r-yalar-ve-karabasanlar-ii,Rüyalar ve Karabasanlar II,Stephen King,,Turkish,3.85,47,2010-02-01,256.0,0.0,35.0,62.365503080082135
https://www.goodreads.com/book/show/49533864-la-peau-sur-les-os,La Peau sur les os,Stephen King,,,3.75,48.0,2000-07-06,299.0,5.0,40.0,52.79123887748118
https://www.goodreads.com/book/show/13437349-yksin-inen-sormi,Yksinäinen sormi,Stephen King,Horror,Finnish,3.65,49.0,1993-01-01,435.0,0.0,40.0,45.281314168377826
https://www.goodreads.com/book/show/27423203-the-hotel-at-the-end-of-the-road,The Hotel at the End of the Road,Stephen King,Horror,,2.93,60.0,1960-01-01,2.0,0.0,134.0,12.279260780287474
https://www.goodreads.com/book/show/58992515-the-fifth-quarter,The Fifth Quarter,Stephen King,Short Stories,,3.3,53.0,1972-01-01,299.0,0.0,32.0,24.279260780287473
https://www.goodreads.com/book/show/1011205.Everything_Must_Go,Everything Must Go,Stephen King,,English,4.53,38.0,1991-10-01,299.0,0.0,159.0,44.02737850787132
https://www.goodreads.com/book/show/25707356-majsens-barn,Majsens Barn,Stephen King,Horror,,3.35,51.0,2000-08-01,222.0,0.0,30.0,52.86242299794661
https://www.goodreads.com/book/show/42967696,Колдун и кристалл,Stephen King,,Russian,4.47,38.0,2015-01-01,797.0,3.0,12.0,67.27994524298425
https://www.goodreads.com/book/show/122899240-wizard-and-glass,Wizard and Glass,Stephen King,Horror,English,4.39,41.0,2003-06-24,299.0,6.0,11.0,55.75633127994524
https://www.goodreads.com/book/show/143611428-the-sun-dog,The Sun Dog,Stephen King,Horror,English,3.31,54.0,2021-02-25,299.0,6.0,20.0,73.4318959616701
https://www.goodreads.com/book/show/60587625-h-stg-rning,Höstgärning,Stephen King,,Swedish,3.8,46.0,1982-01-01,179.0,0.0,5.0,34.280629705681044
https://www.goodreads.com/book/show/20525952-i-ve-got-to-get-away,I've got to get away,Stephen King,Horror,,3.05,56.0,1960-01-01,299.0,2.0,164.0,12.279260780287474
https://www.goodreads.com/book/show/6000576-the-revenge-of-lard-ass-hogan,The Revenge of Lard Ass Hogan,Stephen King,Audiobook,,4.23,40.0,1975-01-01,299.0,0.0,213.0,27.279945242984255
https://www.goodreads.com/book/show/59852611-mroczna-wie-a-tom-2-powo-anie-tr-jki,Mroczna wieża Tom 2 Powołanie Trójki,Stephen King,,Polish,4.37,38.0,2021-01-01,448.0,2.0,13.0,73.28131416837782
https://www.goodreads.com/book/show/33801261-corazones-en-la-atl-ntida-i,Corazones en la Atlántida I,Stephen King,,Spanish; Castilian,3.61,46.0,2002-01-01,340.0,0.0,37.0,54.28062970568104
https://www.goodreads.com/book/show/52212508-the-blue-air-compressor,The Blue Air Compressor,Stephen King,Fiction,English,2.48,67.0,1971-01-01,8.0,3.0,83.0,23.279945242984255
https://www.goodreads.com/book/show/12563922-la-boca-saltarina-y-otros-delirios,La boca saltarina y otros delirios,Stephen King,,,3.7,44.0,1996-01-01,181.0,5.0,45.0,48.27926078028747
https://www.goodreads.com/book/show/155439.El_cadillac_de_Dolan_y_otros_relatos,El cadillac de Dolan y otros relatos,Stephen King,,Spanish; Castilian,3.61,44.0,1996-10-01,192.0,5.0,35.0,49.02943189596167
https://www.goodreads.com/book/show/122769995,Сияние,Stephen King,,Russian,4.54,35.0,2023-02-12,709.0,2.0,10.0,75.3949349760438
https://www.goodreads.com/book/show/20697849-la-miezul-nop-ii-1,La miezul nopţii 1,Stephen King,Horror,Romanian,4.39,36.0,2006-01-01,616.0,3.0,30.0,58.28062970568104
https://www.goodreads.com/book/show/155582.Geschichten_aus_der_Schattenwelt,Geschichten aus der Schattenwelt: Das Buch zum Film,Stephen King,Horror,,3.59,44.0,1991-01-01,176.0,0.0,45.0,43.279945242984255
https://www.goodreads.com/book/show/84336673-popsi,Попси [Popsi],Stephen King,,Russian,3.49,45.0,1992-08-01,16.0,0.0,0.0,44.86242299794661
https://www.goodreads.com/book/show/55814468-the-house-on-maple-street,The House On Maple Street: Short Story,Stephen King,Short Stories,,3.39,46.0,2009-06-30,299.0,0.0,23.0,61.7741273100616
https://www.goodreads.com/book/show/60199779-mroczna-wie-a-3-ziemie-ja-owe,Mroczna wieża 3 Ziemie jałowe,Stephen King,,,4.0,39.0,2021-05-12,560.0,2.0,13.0,73.63997262149213
https://www.goodreads.com/book/show/16142911-anteeksi-oikea-numero,"Anteeksi, oikea numero",Stephen King,Horror,Finnish,3.44,45.0,2000-01-01,431.0,0.0,33.0,52.27926078028747
https://www.goodreads.com/book/show/13165220,呪われた町〈下〉,Stephen King,Horror,Japanese,4.16,37.0,2011-11-25,399.0,0.0,41.0,64.17796030116358
https://www.goodreads.com/book/show/84452281,Дети кукурузы,Stephen King,,Russian,4.16,37.0,1977-01-01,39.0,0.0,0.0,29.281314168377826
https://www.goodreads.com/book/show/55709021-perdido-e-achado,Perdido E Achado,Stephen King,,Portuguese,4.28,36.0,2020-01-01,299.0,5.0,15.0,72.27926078028747
https://www.goodreads.com/book/show/5023589,Мертвая зона. Воспламеняющая взглядом,Stephen King,,Russian,4.08,37.0,2004-01-01,688.0,0.0,0.0,56.27926078028747
https://www.goodreads.com/book/show/15359227-stephen-king-36,Stephen King 36,Stephen King,,English,4.19,36.0,1984-11-01,299.0,0.0,378.0,37.11430527036276
https://www.goodreads.com/book/show/27423274-the-killer,The Killer,Stephen King,Horror,English,3.43,44.0,1961-01-01,2.0,0.0,138.0,13.281314168377824
https://www.goodreads.com/book/show/60604251-alegerea-celor-trei,Alegerea celor trei,Stephen King,,,4.35,34.0,2017-01-01,418.0,0.0,12.0,69.28131416837782
https://www.goodreads.com/book/show/84462005,Игра Джералда,Stephen King,,Russian,4.26,34.0,1992-01-01,369.0,0.0,3.0,44.27926078028747
https://www.goodreads.com/book/show/7758093-stephen-king-boxed-set,Stephen King Boxed Set,Stephen King,,English,4.36,33.0,1990-01-01,1.0,4.0,118.0,42.28062970568104
https://www.goodreads.com/book/show/1810170.R_ves_et_cauchemars_1,Rêves et cauchemars 1,Stephen King,,French,3.74,38.0,1998-09-01,506.0,4.0,32.0,50.945927446954144
https://www.goodreads.com/book/show/84461115,Кладбище домашних животных,Stephen King,,Russian,4.44,32.0,1983-01-01,369.0,3.0,18.0,35.279945242984255
https://www.goodreads.com/book/show/3181890-young-blood,Young Blood,Stephen King,Horror,English,4.12,34.0,1994-03-01,351.0,0.0,141.0,46.44216290212184
https://www.goodreads.com/book/show/104604829-vlucht-naar-de-top,Vlucht naar de top,Stephen King,Horror,Dutch; Flemish,3.56,41.0,2014-11-28,307.0,4.0,18.0,67.18685831622176
https://www.goodreads.com/book/show/60291349,Дългата Разходка,Stephen King,,,4.11,35.0,1979-01-01,319.0,3.0,19.0,31.279945242984255
https://www.goodreads.com/book/show/53718260-the-waste-lands,The Waste Lands: (The Dark Tower #3),Stephen King,,,4.24,33.0,2003-09-02,299.0,0.0,5.0,55.94798083504449
https://www.goodreads.com/book/show/28812940-todo-es-eventual-parte-2,Todo es eventual. Parte 2,Stephen King,,Spanish; Castilian,3.89,36.0,2002-03-01,232.0,3.0,27.0,54.44216290212184
https://www.goodreads.com/book/show/101145390-stephen-king-s-the-dark-tower,Stephen King's The Dark Tower: Beginnings Omnibus,Stephen King,Fantasy,English,4.52,31.0,2023-10-10,800.0,11.0,33.0,76.05201916495551
https://www.goodreads.com/book/show/25773853-r-yalar-ve-karabasanlar-iii,Rüyalar ve Karabasanlar III,Stephen King,,Turkish,3.66,38.0,2011-01-07,264.0,0.0,27.0,63.29637234770705
https://www.goodreads.com/book/show/52590924-tisto,Tisto,Stephen King,,,4.03,34.0,2019-01-01,1390.0,2.0,42.0,71.27994524298425
https://www.goodreads.com/book/show/167627087-n-cro-wiz,Nécro (Wiz),Stephen King,,French,3.43,40.0,2023-03-29,109.0,2.0,9.0,75.51813826146476
https://www.goodreads.com/book/show/101145416-stephen-king-s-the-dark-tower,Stephen King's The Dark Tower: The Gunslinger Omnibus,Stephen King,Comics,English,4.57,30.0,2023-10-24,736.0,2.0,35.0,76.09034907597535
https://www.goodreads.com/book/show/27423175-the-cursed-expedition,The Cursed Expedition,Stephen King,Horror,English,3.16,43.0,1960-01-01,2.0,3.0,133.0,12.279260780287474
https://www.goodreads.com/book/show/43599342--,الشيء - القسم الثاني,Stephen King,Horror,Arabic,3.86,35.0,2018-01-01,840.0,0.0,73.0,70.28062970568104
https://www.goodreads.com/book/show/11939476-cell-lisey-s-story,Cell / Lisey's Story,Stephen King,,English,4.06,33.0,2006-01-01,299.0,0.0,60.0,58.28062970568104
https://www.goodreads.com/book/show/58551435-sj-andinn,Sjáandinn,Stephen King,,Icelandic,3.57,37.0,1979-01-01,395.0,0.0,6.0,31.279945242984255
https://www.goodreads.com/book/show/1162870.Anatomie_de_l_horreur_2,Anatomie de l'horreur 2: Pages noires,Stephen King,Nonfiction,French,3.76,34.0,1996-04-12,288.0,0.0,54.0,48.558521560574945
https://www.goodreads.com/book/show/18370105-salem-s-lot,Salem's Lot: A BBC Full-Cast Radio Drama,Stephen King,Horror,English,4.13,31.0,1995-01-01,3.0,2.0,25.0,47.279945242984255
https://www.goodreads.com/book/show/22016863-an-interview-with-stephen-king,An Interview with Stephen King,Stephen King,,English,4.5,28.0,1999-12-16,299.0,0.0,182.0,52.23545516769336
https://www.goodreads.com/book/show/50362564-2-it,Оно. Том 2. Воссоединение (It,Stephen King,Thriller,Russian,4.31,29.0,1986-09-15,299.0,0.0,12.0,38.98425735797399
https://www.goodreads.com/book/show/8356508,Πώς τελείωσε όλο το μπάχαλο,Stephen King,Fiction,,3.57,35.0,1994-01-01,218.0,0.0,28.0,46.28062970568104
https://www.goodreads.com/book/show/1011199.Sale_of_the_Century,Sale of the Century,Stephen King,,English,4.39,28.0,1991-10-01,299.0,0.0,115.0,44.02737850787132
https://www.goodreads.com/book/show/10664554-yellow-morning,Yellow Morning,Stephen King,Horror,English,3.59,34.0,2009-10-04,124.0,0.0,196.0,62.03696098562629
https://www.goodreads.com/book/show/27423231-the-other-side-of-the-fog,The Other Side of the Fog,Stephen King,Horror,English,2.98,41.0,1960-01-01,1.0,0.0,125.0,12.279260780287474
https://www.goodreads.com/book/show/971907.Feuerkind_Cujo_Zwei_Romane_in_einem_Band_,Feuerkind. Cujo. Zwei Romane in einem Band.,Stephen King,Horror,German,3.78,32.0,1990-01-01,875.0,0.0,40.0,42.28062970568104
https://www.goodreads.com/book/show/21845224,"Лангольеры. Секретное окно, секретный сад",Stephen King,,,4.07,29.0,2005-01-01,413.0,2.0,25.0,57.281314168377826
https://www.goodreads.com/book/show/55811809,Под Куполом. Падают розовые звезды,Stephen King,,,4.37,27.0,2019-01-01,544.0,0.0,14.0,71.27994524298425
https://www.goodreads.com/book/show/55696363-shining-in-the-dark,Shining in the dark,Stephen King,,French,3.03,39.0,2022-02-18,277.0,0.0,64.0,74.41204654346338
https://www.goodreads.com/book/show/21569520-hayaletler-beldesi,Hayaletler Beldesi,Stephen King,,Turkish,4.54,26.0,1994-01-01,285.0,0.0,22.0,46.28062970568104
https://www.goodreads.com/book/show/159834657-dodenwake,Dodenwake: Pet Sematary,Stephen King,,Dutch; Flemish,3.88,32.0,2015-10-14,428.0,6.0,13.0,68.06297056810403
https://www.goodreads.com/book/show/63233640-fin-de-guardia-end-of-watch,Fin de guardia / End of Watch,Stephen King,,Spanish; Castilian,4.58,26.0,2021-12-07,463.0,7.0,7.0,74.21218343600273
https://www.goodreads.com/book/show/55696363-shining-in-the-dark,Shining in the dark,Stephen King,,French,3.03,39.0,2022-02-18,277.0,0.0,64.0,74.41204654346338
https://www.goodreads.com/book/show/17884352-la-estaci-n-de-las-lluvias-y-otros-desvar-os,La estación de las lluvias y otros desvaríos,Stephen King,,Spanish; Castilian,3.44,34.0,1993-01-01,179.0,2.0,30.0,45.281314168377826
https://www.goodreads.com/book/show/62907572-puls,Puls,Stephen King,,German,3.66,32.0,2022-08-10,576.0,5.0,24.0,74.88569472963724
https://www.goodreads.com/book/show/122791110-everything-s-eventual,Everything's Eventual : 14 Dark Tales,Stephen King,,,4.0,29.0,2002-03-19,464.0,11.0,26.0,54.49144421629021
https://www.goodreads.com/book/show/157872065-podpalaczka,Podpalaczka,Stephen King,,Polish,4.11,28.0,2021-01-01,512.0,8.0,12.0,73.28131416837782
https://www.goodreads.com/book/show/11502555-het-spiegelbeeld-van-de-maaier,Het spiegelbeeld van de maaier,Stephen King,,,3.26,35.0,1987-01-01,176.0,0.0,52.0,39.279945242984255
https://www.goodreads.com/book/show/53513573-ins-nia,Insônia,Stephen King,,Portuguese,3.65,31.0,2013-06-19,845.0,0.0,27.0,65.74401095140315
https://www.goodreads.com/book/show/38588998-v-etko-je-mo-n-1,Všetko je možné 1,Stephen King,,,4.48,25.0,2002-12-01,232.0,0.0,6.0,55.19507186858316
https://www.goodreads.com/book/show/199214571-reading,Reading: Holly (Classic): With Illustration,Stephen King,,,4.11,27.0,2023-09-26,4.0,2.0,20.0,76.01368925393567
https://www.goodreads.com/book/show/13144325-cone-head,Cone Head,Stephen King,Short Stories,,3.08,36.0,2002-04-22,1.0,0.0,182.0,54.5845311430527
https://www.goodreads.com/book/show/50362205-1-it,Оно. Том 1. Тень прошлого (It,Stephen King,,Russian,4.27,26.0,1986-09-15,299.0,2.0,9.0,38.98425735797399
https://www.goodreads.com/book/show/42611017-stephen-king-classic-collection,Stephen King Classic Collection: The Shining / Bag of Bones / Christine / Cell. Halloween Editions,Stephen King,,English,4.58,24.0,2018-11-01,299.0,0.0,67.0,71.1129363449692
https://www.goodreads.com/book/show/130162583-four-past-midnight,Four Past Midnight,Stephen King,,Russian,4.23,26.0,1990-10-04,299.0,2.0,69.0,43.0362765229295
https://www.goodreads.com/book/show/2789907,Кэрри. Ночная смена,Stephen King,,,3.76,29.0,2005-01-01,640.0,0.0,28.0,57.281314168377826
https://www.goodreads.com/book/show/13599929-on-impact,On Impact,Stephen King,Nonfiction,,4.04,27.0,2000-06-19,6.0,0.0,198.0,52.74469541409993
https://www.goodreads.com/book/show/1811272.Danse_macabre_tome_4,"Danse macabre, tome 4: Les enfants du maïs et autres nouvelles",Stephen King,Horror,French,3.72,29.0,1978-01-01,299.0,0.0,25.0,30.28062970568104
https://www.goodreads.com/book/show/119359837,Якщо кров тече,Stephen King,,Ukrainian,4.32,25.0,2021-05-01,484.0,3.0,37.0,73.60985626283367
https://www.goodreads.com/book/show/23670499-vertigo-essentials,Vertigo Essentials: American Vampire #1,Stephen King,Horror,English,4.08,26.0,2014-12-02,64.0,2.0,111.0,67.1978097193703
https://www.goodreads.com/book/show/157583228-elevaci-n,Elevación,Stephen King,,Spanish; Castilian,4.04,26.0,2023-01-01,176.0,0.0,10.0,75.27994524298425
https://www.goodreads.com/book/show/18179449-the-new-lieutenant-s-rap,The New Lieutenant's Rap,Stephen King,,,3.75,28.0,1999-01-01,15.0,3.0,304.0,51.279945242984255
https://www.goodreads.com/book/show/860612-pet-sematary-carrie-night-shift-thinner,Pet Sematary/Carrie/Night Shift/Thinner,Stephen King,Horror,German,4.43,23.0,1987-10-01,236.0,0.0,68.0,40.02737850787132
https://www.goodreads.com/book/show/28113137-ein-bisschen-angeschlagen,Ein bisschen angeschlagen: Story aus Basar der bösen Träume,Stephen King,Horror,English,4.35,23.0,2015-12-07,26.0,0.0,12.0,68.21081451060917
https://www.goodreads.com/book/show/60796162-the-dark-tower-series-complete-8-books-collection-box-set-by-stephen-kin,The Dark Tower Series Complete 8 Books Collection Box Set by Stephen King,Stephen King,Fantasy,English,4.5,22.0,2021-11-01,4720.0,4.0,66.0,74.11362080766598
https://www.goodreads.com/book/show/58799455-d-me---tome-1,Dôme - tome 1,Stephen King,,French,3.86,28,2011-03-02,597.0,0.0,0.0,63.44421629021218
https://www.goodreads.com/book/show/63107420-mroczna-wie-a-4-czarnoksi-nik-i-kryszta,Mroczna Wieża 4 Czarnoksiężnik i kryształ,Stephen King,,,4.21,24,2021-05-12,299.0,2.0,14.0,73.63997262149213
https://www.goodreads.com/book/show/193303557-the-dark-tower-ii,The Dark Tower II: The Drawing of the Three Paperback – 16 Feb 2012 by Stephen King,Stephen King,,,4.45,22,2012-01-01,299.0,0.0,7.0,64.27926078028747
https://www.goodreads.com/book/show/36915169-desperacja-cz-1,Desperacja cz.1,Stephen King,,,3.73,26,1996-01-01,330.0,2.0,33.0,48.27926078028747
https://www.goodreads.com/book/show/26001513-man-with-a-belly,Man With A Belly,Stephen King,Horror,,2.77,35,1978-12-01,24.0,2.0,138.0,31.195071868583163
https://www.goodreads.com/book/show/20697881-la-miezul-nop-ii-2,La miezul nopţii 2,Stephen King,Horror,,4.0,24,2008-01-01,552.0,0.0,25.0,60.27926078028747
https://www.goodreads.com/book/show/13798479-revolvermannen-de-utvalgte,Revolvermannen/ De Utvalgte,Stephen King,Fantasy,Norwegian,4.32,22,1982-01-01,716.0,0.0,53.0,34.280629705681044
https://www.goodreads.com/book/show/34829963-tout-est-fatal,Tout est fatal,Stephen King,,French,3.65,26,2011-10-01,528.0,6.0,41.0,64.02737850787132
https://www.goodreads.com/book/show/58563027-emelked-s-a-color-d-i-k-ly-k,Emelkedés / A colorádói kölyök,Stephen King,,Hungarian,4.13,23,2021-01-01,420.0,0.0,10.0,73.28131416837782
https://www.goodreads.com/book/show/53304679-jesie-niewinno-ci,Jesień niewinności: Ciało - audiobook,Stephen King,,Polish,3.48,27,2008-01-01,299.0,0.0,10.0,60.27926078028747
https://www.goodreads.com/book/show/5136898-nona-und-die-ratten-eine-horrorgeschichte,Nona und die Ratten. Eine Horrorgeschichte,Stephen King,,German,3.62,26,1988-06-01,122.0,0.0,16.0,40.695414099931554
https://www.goodreads.com/book/show/57768926-the-mist,The Mist,Stephen King,Audiobook,,4.09,23,2017-05-23,5.0,0.0,13.0,69.67008898015058
https://www.goodreads.com/book/show/63838592-sleeping-beauties,Sleeping Beauties,Stephen King,,French,3.72,25,2022-11-02,128.0,0.0,12.0,75.11567419575633
https://www.goodreads.com/book/show/50326122-the-very-best-of-fantasy-science-fiction-volume-2,"The Very Best of Fantasy & Science Fiction, Volume 2",Stephen King,Fantasy,English,3.72,25,2014-06-23,445.0,36.0,40.0,66.7542778918549
https://www.goodreads.com/book/show/35126107-el-hombre-de-negro,El hombre de negro,Stephen King,Comics,,4.43,21,2016-04-28,125.0,0.0,17.0,68.60232717316906
https://www.goodreads.com/book/show/29560714,Судьба Иерусалима,Stephen King,Fiction,Russian,4.04,23,1975-10-17,299.0,0.0,13.0,28.071184120465436
https://www.goodreads.com/book/show/55811818,Под Куполом. Шестое чувство,Stephen King,,Russian,4.38,21,2019-01-01,768.0,0.0,20.0,71.27994524298425
https://www.goodreads.com/book/show/1814323._,シャイニング〈上〉,Stephen King,,,4.33,21,1986-11-10,421.0,0.0,0.0,39.13757700205339
https://www.goodreads.com/book/show/33819417-der-dunkle-turm,Der Dunkle Turm : Graphic Novel,Stephen King,,,4.33,21,2007-01-01,240.0,0.0,25.0,59.279945242984255
https://www.goodreads.com/book/show/3313300-stories-from-skeleton-crew,Stories from Skeleton Crew,Stephen King,,,3.96,23,1986-02-01,299.0,0.0,79.0,38.365503080082135
https://www.goodreads.com/book/show/60187608-owca-sn-w,Łowca snów,Stephen King,Horror,Polish,3.33,27,2014-10-24,768.0,9.0,41.0,67.09103353867214
https://www.goodreads.com/book/show/1811273.Celui_qui_garde_le_ver_et_autres_nouvelles,Celui qui garde le ver et autres nouvelles,Stephen King,Horror,,3.6,25,1978-01-01,128.0,0.0,33.0,30.28062970568104
https://www.goodreads.com/book/show/28257543-tominokeriai-2,Tominokeriai #2,Stephen King,Horror,,4.24,21,1997-01-01,333.0,0.0,27.0,49.281314168377826
https://www.goodreads.com/book/show/97622145,Зелёная миля,Stephen King,,,4.68,19,1996-01-01,403.0,0.0,0.0,48.27926078028747
https://www.goodreads.com/book/show/30638691-der-mann-im-schwarzen-anzug,Der Mann im schwarzen Anzug: Story aus Im Kabinett des Todes,Stephen King,,English,3.91,22,2016-05-30,66.0,0.0,0.0,68.68993839835728
https://www.goodreads.com/book/show/22823060-dark-tower---end-world-almanac,Dark Tower - End World Almanac,Stephen King,Comics,English,4.1,21,2008-01-01,36.0,0.0,126.0,60.27926078028747
https://www.goodreads.com/book/show/60162956-simetierre-litt-rature-trang-re,Simetierre (Littérature étrangère),Stephen King,,French,4.36,22,2011-02-15,464.0,4.0,10.0,63.4031485284052
https://www.goodreads.com/book/show/199143112-gwendy-s-button-box-trilogy-3-books-collection-set-by-stephen-king-and-r,Gwendy's Button Box Trilogy 3 Books Collection Set By Stephen King and Richard Chizmar,Stephen King,,English,4.04,23,2023-09-20,944.0,2.0,38.0,75.99726214921287
https://www.goodreads.com/book/show/125655366-full-dark-no-stars-1st-first-edition-text-only,"Full Dark, No Stars 1st (first) edition Text Only",Stephen King,,English,4.68,19,2010-01-01,299.0,2.0,40.0,62.28062970568104
https://www.goodreads.com/book/show/84463099,Долгая прогулка,Stephen King,,,4.25,20,1979-01-01,291.0,0.0,4.0,31.279945242984255
https://www.goodreads.com/book/show/38588904-v-etko-je-mo-n-2,Všetko je možné 2,Stephen King,,Slovak,4.42,19,2002-01-01,232.0,0.0,6.0,54.28062970568104
https://www.goodreads.com/book/show/33232104-ltimos-disparos-la-torre-oscura-c-mic-11,Últimos disparos (La Torre Oscura [cómic] 11),Stephen King,Comics,Spanish; Castilian,4.2,20,2017-02-02,129.0,0.0,16.0,69.36892539356604
https://www.goodreads.com/book/show/98440242-worek-kosci,Worek kosci,Stephen King,,Polish,3.5,24,2010-01-01,598.0,6.0,14.0,62.28062970568104
https://www.goodreads.com/book/show/58416747-le-singe,Le singe,Stephen King,,,3.07,27,2021-06-09,96.0,0.0,10.0,73.71663244353182
https://www.goodreads.com/book/show/50650382-uncollected-stories,Uncollected Stories,Stephen King,Horror,,3.15,26,2003-01-01,299.0,0.0,62.0,55.279945242984255
https://www.goodreads.com/book/show/168057540-sorry-right-number,"Sorry, Right Number",Stephen King,,English,3.57,23,2000-01-01,299.0,0.0,7.0,52.27926078028747
https://www.goodreads.com/book/show/920684.Biblioteca_de_autor_de_Stephen_King,Biblioteca de autor de Stephen King,Stephen King,Horror,Spanish; Castilian,3.73,22,2002-01-02,372.0,0.0,39.0,54.28336755646817
https://www.goodreads.com/book/show/40231613,‫أرض السعادة؛ من يجرؤ على دخول مبنى المرح المخيف؟‬,Stephen King,,Arabic,3.68,22,2013-01-01,285.0,13.0,60.0,65.28131416837782
https://www.goodreads.com/book/show/29564759-n,N.: Story aus Sunset (Kindle Single),Stephen King,,English,4.05,20,2016-03-07,96.0,0.0,26.0,68.4599589322382
https://www.goodreads.com/book/show/39695383-ty-i-po-p-lnoci-ii,"Čtyři po půlnoci II: Policajt z knihovny, Sluneční pes",Stephen King,,Czech,3.64,22,2017-05-23,430.0,0.0,6.0,69.67008898015058
https://www.goodreads.com/book/show/28257519-talismanas,Talismanas: pirma knyga,Stephen King,,Lithuanian,4.0,20,1998-01-01,315.0,0.0,23.0,50.28062970568104
https://www.goodreads.com/book/show/52890867,দ্য ব্রিদিং মেথড এবং ডোলানস ক্যাডিলাক,Stephen King,,,3.81,21,2020-01-01,176.0,0.0,19.0,72.27926078028747
https://www.goodreads.com/book/show/36915212-desperacja-cz-2,Desperacja cz.2,Stephen King,,,3.59,22,1996-01-01,300.0,2.0,33.0,48.27926078028747
https://www.goodreads.com/book/show/12584673-2,Томминокеры. Том 2,Stephen King,,Russian,3.29,24,1987-11-10,416.0,0.0,6.0,40.1368925393566
https://www.goodreads.com/book/show/26874911-to,To,Stephen King,,,4.33,18,1986-01-01,299.0,6.0,66.0,38.28062970568104
https://www.goodreads.com/book/show/21845410-the-old-dude-s-ticker,The Old Dude's Ticker,Stephen King,,English,3.25,24,1971-01-01,299.0,3.0,129.0,23.279945242984255
https://www.goodreads.com/book/show/28383187-terras-devastadas---volume-3-cole-o-a-torre-negra,Terras Devastadas - Volume 3. Coleção A Torre Negra,Stephen King,,Portuguese,4.11,19,2014-01-01,299.0,4.0,14.0,66.28062970568104
https://www.goodreads.com/book/show/5960334-la-tour-sombre-l-int-grale--tome-2,"La Tour Sombre, l'Intégrale -Tome 2",Stephen King,,,4.22,18,2008-10-29,1428.0,0.0,28.0,61.106091718001366
https://www.goodreads.com/book/show/49602909-roadmaster,Roadmaster,Stephen King,,,3.8,20,2011-10-01,448.0,0.0,3.0,64.02737850787132
https://www.goodreads.com/book/show/11574983-collector-s-set,Collector's Set: From a Buick 8/The Dark Half/Tommyknockers/Bag of Bones/The Eyes of the Dragon,Stephen King,,,4.41,17,1969-01-01,299.0,2.0,62.0,21.281314168377826
https://www.goodreads.com/book/show/88861485,Страна радости,Stephen King,,,3.7,20,2013-01-01,257.0,0.0,3.0,65.28131416837782
https://www.goodreads.com/book/show/88861485,Страна радости,Stephen King,,Russian,3.7,20,2013-01-01,257.0,0.0,3.0,65.28131416837782
https://www.goodreads.com/book/show/6468234-stephen-king-02-2-vol-boxed,"Stephen King #02, 2 Vol. (Boxed)",Stephen King,,,4.29,17,1984-11-01,299.0,0.0,102.0,37.11430527036276
https://www.goodreads.com/book/show/35074616-silver-bullet,Silver bullet,Stephen King,Horror,,4.06,18,1983-01-01,127.0,0.0,63.0,35.279945242984255
https://www.goodreads.com/book/show/203141760-cuento-de-hadas,Cuento de hadas,Stephen King,,,3.48,21,2024-03-14,856.0,3.0,17.0,76.47912388774812
https://www.goodreads.com/book/show/3645774-3,ドリームキャッチャー〈3〉,Stephen King,,,3.94,18,2001-03-20,409.0,0.0,9.0,53.49486652977413
https://www.goodreads.com/book/show/38891110---i,ნაშუაღამევის ოთხი წუთი - წიგნი I,Stephen King,,,4.38,16,2016-01-01,551.0,0.0,15.0,68.27926078028747
https://www.goodreads.com/book/show/51225589-pod-kopu-cz-1,"Pod kopułą, część 1",Stephen King,,,3.89,18,2009-01-01,519.0,2.0,16.0,61.281314168377826
https://www.goodreads.com/book/show/34101363----,Рок-н-ролльные небеса,Stephen King,,Russian,4.12,17,2002-03-14,299.0,0.0,10.0,54.47775496235455
https://www.goodreads.com/book/show/1603009._,ناهار در كافه گوتم,Stephen King,,,3.5,20,2000-01-01,299.0,0.0,10.0,52.27926078028747
https://www.goodreads.com/book/show/35817290,Перекурщики,Stephen King,,,3.45,20,2017-01-01,299.0,0.0,6.0,69.28131416837782
https://www.goodreads.com/book/show/40013731-surmahotell-2-osa,Surmahotell. 2.osa,Stephen King,,,4.31,16,1994-01-01,340.0,0.0,16.0,46.28062970568104
https://www.goodreads.com/book/show/12412497-a-luz-ii,A Luz II,Stephen King,,Portuguese,4.53,15,1977-01-01,214.0,0.0,22.0,29.281314168377826
https://www.goodreads.com/book/show/95122810,Извлечение троих,Stephen King,,Romansh,4.53,15,2014-05-15,299.0,0.0,0.0,66.64750171115674
https://www.goodreads.com/book/show/9120667-the-complete-works-of-stephen-king,The Complete Works of Stephen King,Stephen King,,,4.53,15,2004-01-01,299.0,0.0,157.0,56.27926078028747
https://www.goodreads.com/book/show/52343444,Адова кошка,Stephen King,,Russian,4.25,16,1995-01-01,363.0,0.0,5.0,47.279945242984255
https://www.goodreads.com/book/show/1811274.Cours_Jimmy_cours_et_autres_nouvelles,"Cours, Jimmy, cours et autres nouvelles",Stephen King,Fiction,,3.58,19,1978-01-01,299.0,0.0,20.0,30.28062970568104
https://www.goodreads.com/book/show/50642116-2-5-1990---10-1991,Противостояние. Том 2. 5 июля 1990 - 10 января 1991,Stephen King,,Russian,4.47,15,1978-10-01,992.0,0.0,7.0,31.028062970568104
https://www.goodreads.com/book/show/56082883-the-stand---das-letzte-gefecht-band-1,The Stand - Das letzte Gefecht (Band 1): Bd. 1,Stephen King,,,4.19,16,2020-10-29,300.0,0.0,0.0,73.10609171800137
https://www.goodreads.com/book/show/15359496-stephen-king-53,Stephen King 53,Stephen King,,,3.94,17,1988-10-30,299.0,0.0,292.0,41.1088295687885
https://www.goodreads.com/book/show/28257514-talismanas,Talismanas: antra knyga,Stephen King,,Lithuanian,3.88,17,1998-01-01,316.0,0.0,23.0,50.28062970568104
https://www.goodreads.com/book/show/7959284-2,황무지 2,Stephen King,,,4.06,16,1999-09-22,400.0,0.0,26.0,52.002737850787135
https://www.goodreads.com/book/show/31191452-un-eleve-doue,Un Eleve Doue,Stephen King,,French,4.27,15,1999-01-14,540.0,0.0,22.0,51.31553730321698
https://www.goodreads.com/book/show/40029448-misery-maleficio,Misery / Maleficio,Stephen King,,Spanish; Castilian,3.5,18,1994-01-01,680.0,0.0,16.0,46.28062970568104
https://www.goodreads.com/book/show/38489029-el-hombre-que-no-quer-a-estrechar-manos,El hombre que no quería estrechar manos,Stephen King,,,3.32,19,1985-06-21,18.0,0.0,12.0,37.74948665297741
https://www.goodreads.com/book/show/4571272-cette-impression-qui-n-a-de-nom-qu-en-fran-ais-et-trois-autres-nouvelle,"Cette impression qui n'a de nom qu'en français, et trois autres nouvelles",Stephen King,,,3.65,17,2008-06-24,208.0,0.0,19.0,60.75838466803559
https://www.goodreads.com/book/show/55016800-la-temp-te-du-si-cle,La Tempête du siècle,Stephen King,,French,4.36,14,2011-10-01,471.0,0.0,4.0,64.02737850787132
https://www.goodreads.com/book/show/137339949-cristine,CRISTINE,Stephen King,,,4.12,17,1983-01-01,299.0,2.0,7.0,35.279945242984255
https://www.goodreads.com/book/show/35457913,Εφιάλτες και Ονειρότοποι. Β' Τόμος,Stephen King,Horror,,3.37,19,1996-01-01,503.0,0.0,18.0,48.27926078028747
https://www.goodreads.com/book/show/57772582-stephen-king-short-fiction,Stephen King Short Fiction,Stephen King,Horror,,4.43,14,2021-10-26,800.0,0.0,78.0,74.09719370294319
https://www.goodreads.com/book/show/12685960,Последняя перекладина,Stephen King,,,4.36,14,1999-01-01,432.0,0.0,9.0,51.279945242984255
https://www.goodreads.com/book/show/2242583.It_1_,It 〈1〉,Stephen King,,Japanese,4.69,13,1994-12-01,484.0,0.0,27.0,47.19507186858316
https://www.goodreads.com/book/show/51936681-pod-kopu-cz-2,"Pod kopułą, część 2",Stephen King,,,3.81,16,2009-01-01,472.0,0.0,13.0,61.281314168377826
https://www.goodreads.com/book/show/36204537,Человек в черном костюме,Stephen King,Horror,,4.0,15,1994-01-01,38.0,0.0,8.0,46.28062970568104
https://www.goodreads.com/book/show/58538818,পেট সেমেটারি,Stephen King,,,4.29,14,1983-10-01,432.0,0.0,3.0,36.02737850787132
https://www.goodreads.com/book/show/28254545-feuerwerksrausch,Feuerwerksrausch: Story aus Basar der bösen Träume,Stephen King,,,4.0,15,2015-12-21,52.0,0.0,11.0,68.24914442162903
https://www.goodreads.com/book/show/22378899-vil-gnagy-strand,Világnagy strand,Stephen King,,,4.21,14,1991-01-01,234.0,0.0,18.0,43.279945242984255
https://www.goodreads.com/book/show/33897604-11-22-63,11/22/63 中,Stephen King,,,4.54,13,2016-10-07,477.0,0.0,8.0,69.04585900068446
https://www.goodreads.com/book/show/52244551-relatos-raros-de-ficci-n-1,Relatos Raros de Ficción 1,Stephen King,,,3.28,18,2000-10-10,217.0,5.0,22.0,53.054072553045856
https://www.goodreads.com/book/show/200768086-friedhof-der-kuscheltiere,Friedhof der Kuscheltiere,Stephen King,,,4.21,14,2015-05-01,299.0,0.0,6.0,67.60848733744011
https://www.goodreads.com/book/show/53904456-frumoasele-adormite---editura-nemira,Frumoasele adormite - Editura Nemira,Stephen King,,,3.87,15,2020-04-16,299.0,0.0,0.0,72.56947296372347
https://www.goodreads.com/book/show/52743009-la-torre-oscura-vii,La Torre Oscura VII,Stephen King,,Spanish; Castilian,4.46,13,2016-01-01,1008.0,0.0,15.0,68.27926078028747
https://www.goodreads.com/book/show/52212623-the-king-family-and-the-wicked-witch,The King Family and the Wicked Witch,Stephen King,,English,3.11,18,1977-08-25,7.0,0.0,41.0,29.927446954141
https://www.goodreads.com/book/show/1131762.The_Tommyknockers_Thinner_Bachman_Books,The Tommyknockers/Thinner/Bachman Books,Stephen King,,,4.31,13,1989-10-01,299.0,0.0,46.0,42.02874743326489
https://www.goodreads.com/book/show/57433994,Газонокосильщик,Stephen King,Paranormal,,4.0,14,2011-01-01,352.0,0.0,3.0,63.279945242984255
https://www.goodreads.com/book/show/62313777-fairy-tale-hardcover-billy-summers-lord-of-the-flie-3-books-collecti,"Fairy Tale [Hardcover], Billy Summers, Lord of the Flie 3 Books Collection Set By Stephen King & William Golding",Stephen King,,,4.67,12,2022-01-01,299.0,4.0,26.0,74.28062970568104
https://www.goodreads.com/book/show/7819642-it-3,It 〈3〉,Stephen King,,,4.0,14,1994-12-01,460.0,0.0,22.0,47.19507186858316
https://www.goodreads.com/book/show/144638517-later,Later,Stephen King,,,4.15,13,2021-02-25,299.0,0.0,5.0,73.4318959616701
https://www.goodreads.com/book/show/4279904-kinder-des-zorns-der-werwolf-von-tarker-mills,Kinder des Zorns. Der Werwolf von Tarker Mills,Stephen King,,German,3.0,18,2008-01-01,299.0,0.0,15.0,60.27926078028747
https://www.goodreads.com/book/show/54682254-den-gr-nne-mil-del-1-de-to-d-de-piger,"Den Grønne Mil, Del 1, De to døde piger",Stephen King,,Danish,4.42,12,1996-01-01,93.0,0.0,6.0,48.27926078028747
https://www.goodreads.com/book/show/104568553-billy-summers,Billy Summers: Stephen King notebook with 8.5 x 11 in 100 pages,Stephen King,,English,4.42,12,2021-12-27,100.0,0.0,33.0,74.26694045174538
https://www.goodreads.com/book/show/1811275.L_Homme_qu_il_vous_faut_et_autres_nouvelles,"L'Homme qu'il vous faut, et autres nouvelles",Stephen King,,,3.79,14,1978-01-01,299.0,0.0,22.0,30.28062970568104
https://www.goodreads.com/book/show/54682333-den-gr-nne-mil-del-4-en-uhyggelig-d-d,"Den Grønne Mil, Del 4, En uhyggelig død",Stephen King,,Danish,4.73,11,1996-01-01,95.0,0.0,7.0,48.27926078028747
https://www.goodreads.com/book/show/214437988-the-shawshank-redemption,The Shawshank Redemption,Stephen King,,English,4.54,37,2024-10-29,128.0,6.0,18.0,77.10609171800137
https://www.goodreads.com/book/show/199754677-flight-or-fright,Flight or Fright: 17 Turbulent Tales Edited by Stephen King and Bev Vincent,Stephen King,,,3.65,17,2018-09-04,299.0,2.0,15.0,70.95414099931554
https://www.goodreads.com/book/show/161035439-the-green-mile-3,The Green Mile 3: Coffey's Hands,Stephen King,,English,4.46,13,1996-01-01,299.0,0.0,9.0,48.27926078028747
https://www.goodreads.com/book/show/62019160-de-eerlijke-vinder,De eerlijke vinder,Stephen King,,,4.07,14,2020-01-16,299.0,0.0,4.0,72.32032854209446
https://www.goodreads.com/book/show/58600580-stephen-king-collection-3-books-set,Stephen King Collection 3 Books Set,Stephen King,,,4.58,12,2020-01-01,299.0,0.0,29.0,72.27926078028747
https://www.goodreads.com/book/show/61329675-desesperacion,Desesperacion,Stephen King,,,3.44,16,1998-01-01,299.0,2.0,11.0,50.28062970568104
https://www.goodreads.com/book/show/104568553-billy-summers,Billy Summers: Stephen King notebook with 8.5 x 11 in 100 pages,Stephen King,,English,4.42,12,2021-12-27,100.0,0.0,33.0,74.26694045174538
https://www.goodreads.com/book/show/48658435-rasande-rose,Rasande Rose,Stephen King,,,3.79,14,1996-01-01,482.0,0.0,16.0,48.27926078028747
https://www.goodreads.com/book/show/17884343-el-dedo-movil-y-otras-truculencias,El dedo movil y otras truculencias,Stephen King,,Spanish; Castilian,3.71,14,1996-01-01,183.0,3.0,23.0,48.27926078028747
https://www.goodreads.com/book/show/40200968-dark-tower-gunslinger-the-battle-of-tull-5-issue-1st-print-comic-set,Dark Tower Gunslinger The Battle of Tull 5 Issue 1st Print Comic Set,Stephen King,,English,4.64,11,2011-12-06,154.0,0.0,34.0,64.20807665982204
https://www.goodreads.com/book/show/55529247-ejderhan-n-g-zleri,Ejderhanın Gözleri,Stephen King,,Turkish,3.92,13,1984-01-01,255.0,0.0,7.0,36.27926078028747
https://www.goodreads.com/book/show/32332922-das-flo,Das Floß: Story aus Blut [The Raft],Stephen King,,,3.19,16,2016-10-03,68.0,0.0,0.0,69.03490759753593
https://www.goodreads.com/book/show/52838940-carrie-el-umbral-de-la-noche,CARRIE / EL UMBRAL DE LA NOCHE,Stephen King,,Spanish; Castilian,4.17,12,1974-04-05,568.0,0.0,13.0,26.537987679671456
https://www.goodreads.com/book/show/49117514-jhonathan-and-the-witchs,Jhonathan and the witchs,Stephen King,,English,2.94,17,1956-01-01,299.0,0.0,28.0,8.279260780287474
https://www.goodreads.com/book/show/54454899-celular,Celular,Stephen King,,,3.85,13,2014-08-29,299.0,0.0,0.0,66.93771389459275
https://www.goodreads.com/book/show/39345115-le-maschere-dell-orrore,Le maschere dell’orrore,Stephen King,Graphic Novels,Italian,4.08,12,2018-03-01,128.0,0.0,10.0,70.44216290212184
https://www.goodreads.com/book/show/60649407-vantul-prin-gaura-cheii-turnul-intunecat,Vantul Prin Gaura Cheii. Turnul Intunecat,Stephen King,,Romanian,4.45,11,2019-06-27,299.0,0.0,12.0,71.76454483230664
https://www.goodreads.com/book/show/40817781-schemerwereld,Schemerwereld,Stephen King,,Dutch; Flemish,3.77,13,2017-05-05,515.0,0.0,20.0,69.6208076659822
https://www.goodreads.com/book/show/34931402-on-the-border,On the Border,Stephen King,,,4.9,10,1978-09-01,611.0,0.0,42.0,30.94592744695414
https://www.goodreads.com/book/show/25321966-the-master-of-fear,"The Master of Fear: Cell, The Girl Who Loved Tom Gordon, Cujo",Stephen King,,English,4.36,11,2009-09-01,1184.0,0.0,64.0,61.946611909650926
https://www.goodreads.com/book/show/155653.Selected_from_Carrie,Selected from Carrie,Stephen King,,English,4.36,11,1992-05-01,62.0,0.0,65.0,44.610540725530456
https://www.goodreads.com/book/show/131939480-the-stand-for-the-first-time-complete-and-uncut-by-stephen-king-hardcov,The Stand for the First Time Complete and Uncut By Stephen King (Hardcover) Plus 2 Free Hardcovers: The Tommyknockers and Needful Things: The Last Castle Rock Story,Stephen King,,English,4.21,14,1999-01-01,299.0,10.0,28.0,51.279945242984255
https://www.goodreads.com/book/show/166856948-the-wind-through-the-keyhole,The Wind through the Keyhole,Stephen King,,English,4.08,13,2013-02-26,299.0,0.0,11.0,65.43463381245722
https://www.goodreads.com/book/show/43580373,Пляж,Stephen King,Horror,Russian,4.0,12,2018-01-01,299.0,0.0,7.0,70.28062970568104
https://www.goodreads.com/book/show/49460121-la-torre-oscura-07,LA TORRE OSCURA 07,Stephen King,,,4.0,12,2006-01-01,896.0,0.0,12.0,58.28062970568104
https://www.goodreads.com/book/show/32995760-im-kabinett-des-todes,Im Kabinett des Todes: Story (Story Selection 47),Stephen King,,German,3.69,13,2016-11-14,71.0,0.0,0.0,69.14989733059548
https://www.goodreads.com/book/show/59236094-a-ragyog-s,A ragyogás,Stephen King,,,4.8,10,1977-01-01,500.0,2.0,3.0,29.281314168377826
https://www.goodreads.com/book/show/30687324,Худей! / Жребий Иерусалима / Один на дороге / Кладбище домашних любимцев,Stephen King,,,4.27,11,1993-01-01,575.0,0.0,10.0,45.281314168377826
https://www.goodreads.com/book/show/7819650,荒地〈上〉,Stephen King,,,4.27,11,1999-09-01,396.0,0.0,16.0,51.945242984257355
https://www.goodreads.com/book/show/54682273-den-gr-nne-mil-del-2-musen-p-milen,"Den Grønne Mil, Del 2, Musen på milen",Stephen King,,Danish,4.27,11,1996-01-01,92.0,0.0,5.0,48.27926078028747
https://www.goodreads.com/book/show/63213162-stephen-king-5-books-collection-box-set,Stephen King 5 Books Collection Box Set,Stephen King,,English,4.7,10,2022-01-01,2880.0,0.0,31.0,74.28062970568104
https://www.goodreads.com/book/show/19416451-ghost-brothers-of-darkland-county---program-booklet,Ghost Brothers of Darkland County - Program Booklet,Stephen King,,,4.6,10,2012-06-05,64.0,0.0,86.0,64.70636550308008
https://www.goodreads.com/book/show/54682359-den-gr-nne-mil-del-5-en-natlig-udflugt,"Den Grønne Mil, Del 5, En natlig udflugt",Stephen King,,,4.6,10,1996-01-01,94.0,0.0,5.0,48.27926078028747
https://www.goodreads.com/book/show/36236428-na-zonsondergang,Na zonsondergang,Stephen King,,Dutch; Flemish,3.83,12,2017-04-13,463.0,0.0,21.0,69.56057494866529
https://www.goodreads.com/book/show/40200969-dark-tower-gunslinger-evil-ground-limited-release-2-issue-1st-print-comi,Dark Tower Gunslinger Evil Ground Limited Release 2 Issue 1st Print Comics Set,Stephen King,,English,4.18,11,2013-08-14,64.0,0.0,35.0,65.89733059548254
https://www.goodreads.com/book/show/44451948-marzenia-i-koszmary-tom-1,"Marzenia i koszmary, Tom #1",Stephen King,,,3.54,13,1993-01-01,299.0,0.0,10.0,45.281314168377826
https://www.goodreads.com/book/show/166893622-chattery-teeth-by-stephen-king-in-best-of-cemetery-dance---vol-one,CHATTERY TEETH By STEPHEN KING in BEST OF CEMETERY DANCE - VOL. ONE,Stephen King,,,4.18,11,2000-01-01,299.0,0.0,5.0,52.27926078028747
https://www.goodreads.com/book/show/13530116-nattmaror-och-dr-mlandskap---andra-boken,Nattmaror och drömlandskap - Andra boken,Stephen King,,Swedish,3.75,12,1993-01-01,454.0,0.0,16.0,45.281314168377826
https://www.goodreads.com/book/show/41877854,Здесь тоже водятся тигры,Stephen King,,,3.46,13,1968-01-01,299.0,0.0,4.0,20.279260780287473
https://www.goodreads.com/book/show/40660497-ono-ten-proshlogo,Ono. Ten proshlogo,Stephen King,,,5.0,9,2018-01-01,640.0,0.0,6.0,70.28062970568104
https://www.goodreads.com/book/show/36136033-l-orrore-del-buio,L'orrore del buio,Stephen King,,Italian,3.67,12,1996-01-01,276.0,0.0,5.0,48.27926078028747
https://www.goodreads.com/book/show/34370326-el-resplandor-volumen-ii,"El resplandor, Volumen II",Stephen King,,Spanish; Castilian,3.91,11,1977-01-01,266.0,0.0,8.0,29.281314168377826
https://www.goodreads.com/book/show/30132046-der-stra-envirus-zieht-nach-norden,Der Straßenvirus zieht nach Norden: Story aus Im Kabinett des Todes,Stephen King,,,3.82,11,2016-04-11,48.0,0.0,0.0,68.55578370978782
https://www.goodreads.com/book/show/18749360,แครี่,Stephen King,,Thai,4.2,10,2013-10-16,731.0,2.0,24.0,66.06981519507187
https://www.goodreads.com/book/show/155757.Modern_Classics_Collection,Modern Classics Collection,Stephen King,Horror,English,3.82,11,1987-12-01,2682.0,0.0,92.0,40.19438740588638
https://www.goodreads.com/book/show/98485979-desperacja,Desperacja,Stephen King,,,4.0,12,2011-01-01,544.0,0.0,7.0,63.279945242984255
https://www.goodreads.com/book/show/213701017-duistere-zaken,Duistere zaken,Stephen King,,,4.18,11,2024-05-21,696.0,3.0,13.0,76.66529774127311
https://www.goodreads.com/book/show/13500057,داستان‌های پراکنده,Stephen King,Short Stories,,3.31,13,2012-01-01,288.0,0.0,18.0,64.27926078028747
https://www.goodreads.com/book/show/60416381-the-book-banners,The Book-Banners: Adventure in Censorship is Stranger Than Fiction,Stephen King,Essays,,3.91,11,1992-03-20,299.0,0.0,10.0,44.49555099247091
https://www.goodreads.com/book/show/60702876-criture,Écriture: Mémoires d'un métier,Stephen King,,,3.82,11,2010-05-20,335.0,0.0,7.0,62.6611909650924
https://www.goodreads.com/book/show/109391829-nightshift-6-set,Nightshift 6 Set,Stephen King,,English,3.82,11,1987-04-27,299.0,0.0,14.0,39.59753593429158
https://www.goodreads.com/book/show/27228180-bizarre-adventures-29,Bizarre adventures #29,Stephen King,Horror,,3.73,11,1981-10-01,63.0,0.0,49.0,34.02874743326489
https://www.goodreads.com/book/show/28816708-hausentbindung,Hausentbindung: Story aus Albträume,Stephen King,,English,3.73,11,2016-02-01,63.0,0.0,0.0,68.36413415468857
https://www.goodreads.com/book/show/38891195---ii,ნაშუაღამევის ოთხი წუთი - წიგნი II,Stephen King,,Georgian,4.1,10,2016-01-01,533.0,0.0,17.0,68.27926078028747
https://www.goodreads.com/book/show/135258944-the-green-mile-part-two-the-mouse-on-the-mile,The Green Mile Part Two the Mouse on the Mile,Stephen King,,,4.56,9,1996-01-01,92.0,0.0,13.0,48.27926078028747
https://www.goodreads.com/book/show/59236262-a-harcos,A harcos,Stephen King,,,4.56,9,1982-01-01,248.0,0.0,0.0,34.280629705681044
https://www.goodreads.com/book/show/58791196-the-stand---das-letzte-gefecht,The Stand - Das letzte Gefecht: Band 3,Stephen King,,,4.56,9,2021-07-13,288.0,0.0,3.0,73.80971937029432
https://www.goodreads.com/book/show/53678476-a-incendi-ria,"A incendiária: O livro que inspirou o filme ""Chamas da Vingança"" (Coleção Biblioteca Stephen King)",Stephen King,,Portuguese,4.1,10,2018-04-06,598.0,0.0,18.0,70.54072553045859
https://www.goodreads.com/book/show/163462208-danse-macabre,Danse Macabre,Stephen King,,English,4.0,10,1981-01-01,299.0,4.0,35.0,33.281314168377826
https://www.goodreads.com/book/show/60386285-skybar,Skybar,Stephen King,,,3.08,13,1982-01-01,299.0,0.0,13.0,34.280629705681044
https://www.goodreads.com/book/show/44891777-mroczna-wieza-dluga-droga-do-domu,Mroczna wieza. Dluga droga do domu,Stephen King,,,4.44,9,2010-01-01,154.0,0.0,6.0,62.28062970568104
https://www.goodreads.com/book/show/33801277-corazones-en-la-atl-ntida-ii,Corazones en la Atlántida II,Stephen King,,Spanish; Castilian,3.64,11,2002-01-01,370.0,0.0,11.0,54.28062970568104
https://www.goodreads.com/book/show/56982060-jumper,Jumper,Stephen King,,English,2.67,15,1959-01-01,299.0,0.0,28.0,11.279945242984258
https://www.goodreads.com/book/show/61211535,এন. এবং ইন দ্য টল গ্রাস,Stephen King,,Bengali,3.55,11,2021-02-10,143.0,0.0,9.0,73.39082819986311
https://www.goodreads.com/book/show/43607060-etter-midnatt-iii-iv,Etter Midnatt III-IV,Stephen King,,Norwegian,4.33,9,1998-01-01,374.0,0.0,5.0,50.28062970568104
https://www.goodreads.com/book/show/42968152-r-yalar-karabasanlar-2,Rüyalar Karabasanlar 2,Stephen King,,Turkish,3.9,10,2017-01-01,207.0,2.0,4.0,69.28131416837782
https://www.goodreads.com/book/show/199431272-the-bill-hodges-trilogy-series-3-books-set-mass-market-paperback---mr,The Bill Hodges Trilogy Series 3 Books Set (Mass Market Paperback) - Mr. Mercedes; Finders Keepers; End of Watch,Stephen King,,English,4.88,8,2023-09-07,299.0,3.0,22.0,75.96167008898016
https://www.goodreads.com/book/show/37909850-codename,Codename: Mousetrap,Stephen King,,English,3.45,11,1965-10-27,299.0,0.0,53.0,18.09993155373032
https://www.goodreads.com/book/show/55246063,宠物公墓,Stephen King,,Chinese,4.11,9,2018-11-01,438.0,0.0,2.0,71.1129363449692
https://www.goodreads.com/book/show/53456701-semeterio-de-mascotas,SEMETERIO DE MASCOTAS,Stephen King,,English,4.11,9,1988-01-01,299.0,0.0,5.0,40.27926078028747
https://www.goodreads.com/book/show/48587940-minuit-4,Minuit 4,Stephen King,,French,3.7,10,2011-10-01,452.0,0.0,13.0,64.02737850787132
https://www.goodreads.com/book/show/20505632-jerusalems-lott-och-andra-noveller,Jerusalems Lott och andra noveller,Stephen King,,Swedish,3.36,11,2000-01-01,240.0,0.0,4.0,52.27926078028747
https://www.goodreads.com/book/show/61773143-2-stephen-king-books-1-rose-madder-2-duma-key,2 Stephen King Books! 1) Rose Madder 2) Duma Key,Stephen King,,English,4.1,10,2008-01-01,299.0,0.0,9.0,60.27926078028747
https://www.goodreads.com/book/show/56982060-jumper,Jumper,Stephen King,,English,2.67,15,1959-01-01,299.0,0.0,28.0,11.279945242984258
https://www.goodreads.com/book/show/34050614-la-dedicatoria-y-otros-desprop-sitos,La dedicatoria y otros despropósitos,Stephen King,,Spanish; Castilian,3.33,12,1996-07-01,184.0,0.0,11.0,48.77754962354552
https://www.goodreads.com/book/show/50258892-r-yalar-karabasanlar-1,Rüyalar Karabasanlar 1,Stephen King,,Turkish,3.64,11,1993-01-01,224.0,0.0,7.0,45.281314168377826
https://www.goodreads.com/book/show/35402068-das-pfefferkuchen-m-dchen,Das Pfefferkuchen-Mädchen: Story aus Sunset,Stephen King,,,3.9,10,2016-08-01,100.0,0.0,12.0,68.86242299794661
https://www.goodreads.com/book/show/53456701-semeterio-de-mascotas,SEMETERIO DE MASCOTAS,Stephen King,,English,4.11,9,1988-01-01,299.0,0.0,5.0,40.27926078028747
https://www.goodreads.com/book/show/50650282-golden-years,Golden Years,Stephen King,,,3.36,11,1991-01-01,299.0,0.0,43.0,43.279945242984255
https://www.goodreads.com/book/show/48587940-minuit-4,Minuit 4,Stephen King,,French,3.7,10,2011-10-01,452.0,0.0,13.0,64.02737850787132
https://www.goodreads.com/book/show/28698296-der-hometrainer,Der Hometrainer: Story aus Sunset,Stephen King,,English,3.36,11,2016-01-25,69.0,0.0,0.0,68.34496919917865
https://www.goodreads.com/book/show/28795376-rotjoch,Rotjoch,Stephen King,,,3.7,10,2015-01-01,67.0,0.0,26.0,67.27994524298425
https://www.goodreads.com/book/show/33541046-das-ende-des-ganzen-schlamassels,Das Ende des ganzen Schlamassels: Story aus Albträume,Stephen King,,German,4.11,9,2016-12-19,63.0,0.0,0.0,69.2457221081451
https://www.goodreads.com/book/show/123351389-stephen-king---set-of-4-books---full-dark-no-stars---desperation---lise,"STEPHEN KING - Set Of 4 Books - Full Dark, No Stars - Desperation - Lisey's Story/Under The Dome.",Stephen King,,English,4.5,8,2006-01-01,299.0,0.0,5.0,58.28062970568104
https://www.goodreads.com/book/show/60432338-throttle,Throttle,Stephen King,,,3.27,11,2009-01-01,299.0,0.0,25.0,61.281314168377826
https://www.goodreads.com/book/show/15361148-gerald-s-game-12,Gerald's Game 12,Stephen King,,,4.0,9,1993-07-01,299.0,0.0,11.0,45.776865160848736
https://www.goodreads.com/book/show/7823387,トウモロコシ畑の子供たち,Stephen King,,Japanese,4.5,8,1988-07-21,351.0,0.0,12.0,40.83230663928816
https://www.goodreads.com/book/show/48997906-the-shawshank-redemption,The Shawshank Redemption: Selected Stories. Уровень Intermediate,Stephen King,,English,4.38,8,2018-01-01,192.0,0.0,18.0,70.28062970568104
https://www.goodreads.com/book/show/31389684-regenzeit,Regenzeit: Story aus Albträume,Stephen King,,German,4.38,8,2016-08-08,54.0,0.0,0.0,68.88158795345653
https://www.goodreads.com/book/show/44451970-marzenia-i-koszmary-tom-2,"Marzenia i koszmary, Tom #2",Stephen King,,Polish,3.18,11,1993-01-01,413.0,0.0,14.0,45.281314168377826
https://www.goodreads.com/book/show/43788701-r-yalar-karabasanlar-3,Rüyalar Karabasanlar 3,Stephen King,,Turkish,3.89,9,2017-01-01,208.0,0.0,4.0,69.28131416837782
https://www.goodreads.com/book/show/43607106-forbannelsen,Forbannelsen,Stephen King,,Norwegian,3.89,9,1984-01-01,319.0,0.0,14.0,36.27926078028747
https://www.goodreads.com/book/show/63129630-la-c-pula-under-the-dome,La cúpula / Under the Dome,Stephen King,,Spanish; Castilian,5.0,7,2022-01-18,1300.0,4.0,3.0,74.32717316906229
https://www.goodreads.com/book/show/96176347-eymd,Eymd,Stephen King,,Icelandic,4.38,8,1987-01-01,326.0,0.0,3.0,39.279945242984255
https://www.goodreads.com/book/show/123765405-de-spelbreker,De spelbreker,Stephen King,,Dutch; Flemish,3.89,9,2020-04-27,299.0,5.0,15.0,72.59958932238193
https://www.goodreads.com/book/show/18339432-duistere-machten,Duistere Machten,Stephen King,,Dutch; Flemish,3.5,10,1984-01-01,156.0,0.0,17.0,36.27926078028747
https://www.goodreads.com/book/show/50258892-r-yalar-karabasanlar-1,Rüyalar Karabasanlar 1,Stephen King,,Turkish,3.64,11,1993-01-01,224.0,0.0,7.0,45.281314168377826
https://www.goodreads.com/book/show/144089280-stephen-king-s-the-waste-lands,Stephen King's The Waste Lands: The Dark Tower- Book III,Stephen King,,English,4.63,8,1991-01-01,299.0,0.0,18.0,43.279945242984255
https://www.goodreads.com/book/show/60457658-thin-scenery,Thin Scenery,Stephen King,,,4.11,9,2017-09-01,299.0,0.0,27.0,69.94661190965093
https://www.goodreads.com/book/show/35072023-stephen-kings-der-dunkle-turm-band-15---drei---bittere-medizin,"Stephen Kings Der dunkle Turm, Band 15 - Drei - Bittere Medizin",Stephen King,,German,4.38,8,2017-03-28,136.0,0.0,0.0,69.51676933607118
https://www.goodreads.com/book/show/59594737-the-bazaar-of-bad-dreams-elevation,The Bazaar of Bad Dreams / Elevation,Stephen King,,English,4.25,8,2021-01-01,299.0,2.0,3.0,73.28131416837782
https://www.goodreads.com/book/show/15929634-fenway-park-100-years,"Fenway Park 100 Years: The Official, Definitive History of America's Most Beloved Ballpark",Stephen King,,,4.86,7,2012-03-01,251.0,0.0,8.0,64.4435318275154
https://www.goodreads.com/book/show/57502997-the-stand---das-letzte-gefecht,The Stand - Das letzte Gefecht: Band 2,Stephen King,Comics,German,4.25,8,2021-03-23,300.0,0.0,2.0,73.50308008213553
https://www.goodreads.com/book/show/53127285-for-the-birds,For the Birds,Stephen King,,English,2.36,14,1986-01-01,299.0,0.0,43.0,38.28062970568104
https://www.goodreads.com/book/show/16085392-cavalier-archive-volume-1,Cavalier Archive Volume 1,Stephen King,,English,4.13,8,2012-10-01,110.0,0.0,73.0,65.02943189596166
https://www.goodreads.com/book/show/201624508-the-beggar-and-the-diamond,The Beggar and the Diamond,Stephen King,,English,3.67,9,1993-01-01,3.0,0.0,3.0,45.281314168377826
https://www.goodreads.com/book/show/197215587-the-bachman-books,The Bachman Books,Stephen King,,,4.71,7,1985-01-01,299.0,3.0,12.0,37.281314168377826
https://www.goodreads.com/book/show/58827334-stephen-king,Stephen King: The Stand - Das letzte Gefecht: Bd. 1,Stephen King,,German,4.13,8,2020-10-20,300.0,0.0,2.0,73.08145106091717
https://www.goodreads.com/book/show/58796184,অ্যা গুড ম্যারিজ,Stephen King,,Bengali,4.13,8,2014-09-01,110.0,0.0,3.0,66.94592744695414
https://www.goodreads.com/book/show/50765508-quatro-esta-es---vol-3---primavera-eterna,Quatro Estações - Vol. 3 - Primavera Eterna,Stephen King,,Portuguese,4.71,7,1998-01-01,99.0,0.0,4.0,50.28062970568104
https://www.goodreads.com/book/show/32079007-stumm,Stumm: Story aus Sunset,Stephen King,,English,3.56,9,2016-09-19,68.0,0.0,0.0,68.99657768651609
https://www.goodreads.com/book/show/7819643-it-4,It 〈4〉,Stephen King,,Japanese,4.57,7,1994-12-01,454.0,0.0,17.0,47.19507186858316
https://www.goodreads.com/book/show/57814628-the-tale-of-gray-dick,The Tale of Gray Dick,Stephen King,,,4.0,8,2003-02-23,299.0,0.0,16.0,55.42505133470226
https://www.goodreads.com/book/show/43551004,דולורס קלייבורן,Stephen King,,,4.43,7,2005-01-01,206.0,0.0,5.0,57.281314168377826
https://www.goodreads.com/book/show/34437863--,Я-дверь. Сборник фантастических рассказов,Stephen King,,Russian,3.88,8,1992-01-01,299.0,0.0,9.0,44.27926078028747
https://www.goodreads.com/book/show/56405414-2021-stephen-king-catalog,2021 Stephen King Catalog: Stephen King Goes to the Movies,Stephen King,,,4.43,7,2020-11-10,132.0,0.0,5.0,73.13894592744695
https://www.goodreads.com/book/show/29440737-klapperz-hne,Klapperzähne: Story aus Albträume,Stephen King,,German,3.88,8,2016-02-28,67.0,0.0,13.0,68.43805612594113
https://www.goodreads.com/book/show/43179834--,স্টিফেন কিং-এর গল্প ৩,Stephen King,,Bengali,3.0,10,2011-05-01,176.0,0.0,7.0,63.60848733744011
https://www.goodreads.com/book/show/49431535-d-solation,désolation,Stephen King,,,4.29,7,2018-01-01,824.0,0.0,13.0,70.28062970568104
https://www.goodreads.com/book/show/48657840-nattmaror-och-dr-mlandskap---f-rsta-boken,Nattmaror och drömlandskap - Första Boken,Stephen King,,Swedish,4.29,7,1993-01-01,402.0,0.0,5.0,45.281314168377826
https://www.goodreads.com/book/show/99765136-pokocha-a-toma-gordona,Pokochała Toma Gordona,Stephen King,,,3.67,9,2009-01-01,190.0,0.0,0.0,61.281314168377826
https://www.goodreads.com/book/show/101444868-everything-s-eventual,Everything's Eventual: Part 2,Stephen King,,English,3.56,9,2002-11-08,1.0,0.0,0.0,55.13210130047912
https://www.goodreads.com/book/show/204117879-briefe-aus-jerusalem---erz-hlungen-kosmischen-schreckens,Briefe aus Jerusalem - Erzählungen kosmischen Schreckens,Stephen King,,,3.88,8,2023-12-11,304.0,0.0,3.0,76.22176591375771
https://www.goodreads.com/book/show/62099830,কিং’স,Stephen King,,Bengali,3.75,8,2021-01-01,96.0,0.0,6.0,73.28131416837782
https://www.goodreads.com/book/show/48657840-nattmaror-och-dr-mlandskap---f-rsta-boken,Nattmaror och drömlandskap - Första Boken,Stephen King,,,4.29,7,1993-01-01,402.0,0.0,5.0,45.281314168377826
https://www.goodreads.com/book/show/49431535-d-solation,désolation,Stephen King,,French,4.29,7,2018-01-01,824.0,0.0,13.0,70.28062970568104
https://www.goodreads.com/book/show/43179834--,স্টিফেন কিং-এর গল্প ৩,Stephen King,,Bengali,3.0,10,2011-05-01,176.0,0.0,7.0,63.60848733744011
https://www.goodreads.com/book/show/40978465-dark-tower-battle-of-jericho-hill-5-issue-1st-print-comic-set,Dark Tower Battle of Jericho Hill 5 Issue 1st Print Comic Set,Stephen King,,English,5.0,6,2010-06-08,160.0,0.0,30.0,62.71321013004791
https://www.goodreads.com/book/show/11961978-bayang-bayang-temaram-night-shift-jilid-1,Bayang-bayang Temaram [Night Shift] jilid 1,Stephen King,,,4.14,7,1986-08-01,299.0,2.0,34.0,38.861054072553046
https://www.goodreads.com/book/show/61307222-talisman-series-2-books-collection-set-by-stephen-king,Talisman Series 2 Books Collection Set By Stephen King,Stephen King,,English,4.14,7,2021-01-01,299.0,0.0,13.0,73.28131416837782
https://www.goodreads.com/book/show/61128207-i-figli-del-grano,I figli del grano,Stephen King,,Italian,4.14,7,1978-01-01,299.0,0.0,3.0,30.28062970568104
https://www.goodreads.com/book/show/33387622-beneath-the-silver-sky,Beneath The Silver Sky: Brenden Badt's Bold Ballad,Stephen King,,English,4.67,6,2016-12-12,224.0,2.0,43.0,69.22655715263518
https://www.goodreads.com/book/show/4486934,Команда скелетов. Сердца в Атлантиде,Stephen King,,Russian,4.67,6,2004-05-27,1008.0,0.0,0.0,56.681724845995895
https://www.goodreads.com/book/show/13480904-horror-story-n-16,Horror Story n. 16,Stephen King,,Italian,4.67,6,1994-04-01,223.0,0.0,98.0,46.52703627652293
https://www.goodreads.com/book/show/57570585-the-43rd-dream,The 43rd dream,Stephen King,,English,2.55,11,1966-01-29,2.0,0.0,17.0,18.357289527720734
https://www.goodreads.com/book/show/50650429-america-the-literate,America the Literate,Stephen King,,,4.0,7,2003-01-01,299.0,0.0,26.0,55.279945242984255
https://www.goodreads.com/book/show/43862715-protivostoyanie-5-iyulya-1990-10-yanvarya-1991,Protivostoyanie. 5 iyulya 1990â€”10 yanvarya 1991,Stephen King,,Russian,4.67,6,2018-01-01,992.0,0.0,6.0,70.28062970568104
https://www.goodreads.com/book/show/43607076-etter-midnatt-i-ii,Etter Midnatt I-II,Stephen King,,Norwegian,4.67,6,1998-01-01,402.0,0.0,3.0,50.28062970568104
https://www.goodreads.com/book/show/59547300-anatomie-de-l-horreur,Anatomie de l'horreur,Stephen King,,French,3.38,8,2020-09-01,888.0,0.0,7.0,72.94729637234771
https://www.goodreads.com/book/show/1814315._,デッド・ゾーン 〈上〉,Stephen King,,Japanese,4.5,6,1979-01-01,380.0,0.0,12.0,31.279945242984255
https://www.goodreads.com/book/show/125506674-the-drawing-of-the-three-the-dark-tower-book-2-publisher,"The Drawing of the Three (The Dark Tower, Book 2) Publisher: Signet; Revised edition",Stephen King,,English,3.86,7,2002-01-01,299.0,0.0,6.0,54.28062970568104
https://www.goodreads.com/book/show/171104399-6-books-the-green-mile,(6 Books) the Green Mile: the serial thriller - the two dead girls; the mouse on the mile; coffey's hands;4. The bad death of eduard delacroix; night journey; coffey on the mile,Stephen King,,English,4.75,8.0,1995-01-01,598.0,0.0,5.0,47.279945242984255
https://www.goodreads.com/book/show/36656060-stephen-kings-der-dunkle-turm-band-16---drei---der-seefahrer,"Stephen Kings Der dunkle Turm, Band 16 - Drei - Der Seefahrer: Bd. 16: Drei - Der Seefahrer",Stephen King,,German,4.43,7.0,2017-10-30,136.0,0.0,0.0,70.10814510609171
https://www.goodreads.com/book/show/60710191-ulkopuolinen,Ulkopuolinen,Stephen King,,,4.14,7.0,2018-01-01,688.0,0.0,14.0,70.28062970568104
https://www.goodreads.com/book/show/133405353-the-stand-1st-first-edition-by-king-stephen-published-by-doubleday-1,"The Stand 1st (first) Edition by King, Stephen published by Doubleday (1978) Hardcover",Stephen King,,,4.67,6.0,1978-10-03,299.0,3.0,4.0,31.033538672142367
https://www.goodreads.com/book/show/42785741-sunset---stumm-und-andere-erzahlungen,Sunset - Stumm und andere Erzahlungen,Stephen King,,,3.71,7.0,2008-01-01,299.0,0.0,5.0,60.27926078028747
https://www.goodreads.com/book/show/150237263-the-waste-lands-the-dark-tower-book-3-publisher,"The Waste Lands (The Dark Tower, Book 3) Publisher: Signet",Stephen King,,English,4.33,6.0,2004-01-01,299.0,0.0,2.0,56.27926078028747
https://www.goodreads.com/book/show/63066825-salem-s-lot-rita-hayworth-and-shawshank-redemption-the-body-apt-pupi,"'Salem's Lot, Rita Hayworth and Shawshank Redemption, The Body, Apt Pupil 4 Books Collection Set By Stephen King",Stephen King,,English,4.33,6.0,2022-01-01,299.0,0.0,12.0,74.28062970568104
https://www.goodreads.com/book/show/199703383-first-pocket-books-printing-dreamcather-paperback-by-stephen-king-2001,(First Pocket Books Printing) Dreamcather Paperback By Stephen King 2001,Stephen King,,English,4.17,6.0,2001-01-01,299.0,0.0,9.0,53.281314168377826
https://www.goodreads.com/book/show/58236519-pesadelos-e-paisagens-noturnas-v-1,Pesadelos e paisagens noturnas v.1,Stephen King,,Portuguese,4.0,6.0,1993-09-29,335.0,0.0,3.0,46.02327173169062
https://www.goodreads.com/book/show/57653878-juste-avant-le-cr-puscule-romans-nouvelles-recits-domaine-etranger,"Juste avant le crépuscule (Romans, Nouvelles, Recits (Domaine Etranger) t. 6139)",Stephen King,,French,4.0,6.0,2011-10-01,416.0,0.0,0.0,64.02737850787132
https://www.goodreads.com/book/show/60429925-donovan-s-brain,Donovan's Brain,Stephen King,,,3.0,8.0,1970-01-01,299.0,0.0,11.0,22.28062970568104
https://www.goodreads.com/book/show/53123528-the-leprechaun,The Leprechaun,Stephen King,,English,3.43,7.0,1983-01-01,5.0,0.0,28.0,35.279945242984255
https://www.goodreads.com/book/show/51999327-the-dark-tower-companion,The Dark Tower Companion,Stephen King,Graphic Novels,English,4.0,6.0,2011-01-01,299.0,0.0,23.0,63.279945242984255
https://www.goodreads.com/book/show/23730809,คืนเปลี่ยว,Stephen King,,,4.0,6.0,2002-06-01,309.0,0.0,11.0,54.69404517453799
https://www.goodreads.com/book/show/161895947-hearts-in-atlantis-part-2,Hearts in Atlantis Part 2,Stephen King,,English,3.83,6.0,1999-01-01,299.0,0.0,0.0,51.279945242984255
https://www.goodreads.com/book/show/128902336-needul-things,Needul Things,Stephen King,,,4.6,5.0,1991-01-01,299.0,0.0,4.0,43.279945242984255
https://www.goodreads.com/book/show/60633341-the-girl-who-loved-tom-gordon,The Girl Who Loved Tom Gordon,Stephen King,,English,3.29,7.0,1999-01-01,224.0,0.0,8.0,51.279945242984255
https://www.goodreads.com/book/show/60429932-silence,Silence,Stephen King,,,2.88,8.0,1970-01-01,299.0,0.0,10.0,22.28062970568104
https://www.goodreads.com/book/show/60387691-harrison-state-park-68,Harrison State Park '68,Stephen King,,,2.56,9.0,1968-01-01,299.0,0.0,10.0,20.279260780287473
https://www.goodreads.com/book/show/33897614-11-22-63,11/22/63 下,Stephen King,,Japanese,4.6,5.0,2016-10-07,469.0,0.0,0.0,69.04585900068446
https://www.goodreads.com/book/show/40793145-stephen-king-dark-tower-collection-4-books-set,Stephen King Dark Tower Collection 4 Books Set,Stephen King,,English,4.6,5.0,2017-01-01,299.0,0.0,15.0,69.28131416837782
https://www.goodreads.com/book/show/59236366-a-s-rk-ny-szeme,A sárkány szeme,Stephen King,,Hungarian,4.2,5.0,1987-01-01,342.0,0.0,4.0,39.279945242984255
https://www.goodreads.com/book/show/42420291-slutspil---1-i-d-dens-skygge,Slutspil - 1. I dødens skygge,Stephen King,,Danish,4.0,7.0,1978-01-01,216.0,0.0,5.0,30.28062970568104
https://www.goodreads.com/book/show/143585220-rush-call,Rush Call,Stephen King,,English,3.71,7.0,1960-01-01,4.0,0.0,6.0,12.279260780287474
https://www.goodreads.com/book/show/60380620-sunset,Sunset,Stephen King,,German,3.43,7.0,2008-01-01,479.0,0.0,15.0,60.27926078028747
https://www.goodreads.com/book/show/18525187-r-m-lmok-s-lid-rcek-1,Rémálmok és lidércek 1.,Stephen King,,Hungarian,4.0,6.0,1993-01-01,410.0,0.0,15.0,45.281314168377826
https://www.goodreads.com/book/show/123043244-the-stand-1st-1978-edition-stated-first-edition,"The Stand, 1st (1978) Edition. Stated First Edition.",Stephen King,,English,4.0,6.0,1978-01-01,299.0,0.0,5.0,30.28062970568104
https://www.goodreads.com/book/show/26065893,ドクター・スリープ（上） シャイニング,Stephen King,,,4.4,5.0,2015-06-15,422.0,0.0,6.0,67.73169062286105
https://www.goodreads.com/book/show/32766185-brenden-badt-s-bold-ballad,Brenden Badt's Bold Ballad: Behold The Harvest Moon,Stephen King,,,3.67,6.0,2016-10-20,190.0,5.0,44.0,69.08145106091717
https://www.goodreads.com/book/show/60424603-fenway-and-the-great-white-whale,Fenway and the Great White Whale,Stephen King,,,3.67,6.0,1999-07-12,299.0,0.0,8.0,51.80561259411362
https://www.goodreads.com/book/show/34373429,Ο δράκουλας του Σάλεμς Λοτ,Stephen King,,"Greek, Modern (1453-)",4.4,5.0,1975-01-01,287.0,0.0,10.0,27.279945242984255
https://www.goodreads.com/book/show/60407887-the-revelations-of-becka-paulson,The Revelations of 'Becka Paulson,Stephen King,,,3.67,6.0,1984-07-01,299.0,0.0,7.0,36.77754962354552
https://www.goodreads.com/book/show/43710388-siyanie,Siyanie,Stephen King,,,4.4,5.0,2019-01-01,640.0,0.0,5.0,71.27994524298425
https://www.goodreads.com/book/show/60387698-the-hardcase-speaks,The Hardcase Speaks,Stephen King,,,3.14,7.0,1971-01-01,299.0,0.0,7.0,23.279945242984255
https://www.goodreads.com/book/show/63276649-from-a-buick-8,FROM A BUICK 8,Stephen King,,,4.4,5.0,2002-01-01,299.0,0.0,4.0,54.28062970568104
https://www.goodreads.com/book/show/60676360,شهر بازی,Stephen King,,Persian,4.2,5.0,2021-07-06,282.0,0.0,2.0,73.7905544147844
https://www.goodreads.com/book/show/60387706-in-the-key-chords-of-dawn,In the Key-Chords of Dawn,Stephen King,,,3.0,7.0,1971-01-01,299.0,0.0,6.0,23.279945242984255
https://www.goodreads.com/book/show/200866352-sleeping-beauties-comics-sleeping-beauties-tome-2,"Sleeping Beauties (Comics Sleeping Beauties, Tome 2)",Stephen King,,French,4.2,5.0,2023-11-02,299.0,0.0,2.0,76.11498973305955
https://www.goodreads.com/book/show/35516312-stephen-king-desk-calendar-2007,Stephen King Desk Calendar 2007,Stephen King,,,4.2,5.0,2006-01-01,299.0,0.0,25.0,58.28062970568104
https://www.goodreads.com/book/show/32877368-stephen-kings-der-dunkle-turm-band-14---drei---die-herrin-der-schatten,"Stephen Kings Der dunkle Turm, Band 14 - Drei - Die Herrin der Schatten",Stephen King,,German,3.5,6.0,2016-08-23,136.0,0.0,0.0,68.92265571526352
https://www.goodreads.com/book/show/30833229-victory,Victory,Stephen King,,,2.33,9.0,2016-06-30,171.0,0.0,0.0,68.77481177275838
https://www.goodreads.com/book/show/62099919,কিং’স—২,Stephen King,,Bengali,3.33,6.0,2021-01-01,96.0,0.0,5.0,73.28131416837782
https://www.goodreads.com/book/show/59236205-jszakai-utaz-s,Éjszakai utazás,Stephen King,,,5.0,4.0,1996-01-01,112.0,0.0,2.0,48.27926078028747
https://www.goodreads.com/book/show/57862105-the-stand---das-letzte-gefecht-band-2,The Stand - Das letzte Gefecht (Band 2): Bd. 2,Stephen King,,German,4.0,5.0,2021-03-30,300.0,0.0,0.0,73.52224503764545
https://www.goodreads.com/book/show/53013899-tour-sombre-t1---le-pistolero-la-imaginaire,Tour sombre t1 - le pistolero (La) (IMAGINAIRE,Stephen King,,,4.0,5.0,1998-11-01,240.0,0.0,0.0,51.1129363449692
https://www.goodreads.com/book/show/51637372-kara-kule---mahser-trips-cizgi-roman-set---7-kitap-takim,Kara Kule - Mahser Trips Cizgi Roman Set - 7 Kitap Takim,Stephen King,,,5.0,4.0,2014-01-01,299.0,0.0,7.0,66.28062970568104
https://www.goodreads.com/book/show/163553423-complete-dark-tower-series,Complete Dark Tower Series,Stephen King,,English,5.0,5.0,2004-01-01,299.0,0.0,2.0,56.27926078028747
https://www.goodreads.com/book/show/157872619-mroczna-polowa,Mroczna polowa,Stephen King,,,4.17,6.0,2021-01-01,480.0,0.0,5.0,73.28131416837782
https://www.goodreads.com/book/show/59978737-ca---tome-1-litt-rature-trang-re,Ca - tome 1 (Littérature étrangère),Stephen King,,,4.17,6.0,2010-05-20,837.0,0.0,4.0,62.6611909650924
https://www.goodreads.com/book/show/58268110-stark-the-dark-half-roman,Stark. 'The Dark Half'. Roman.,Stephen King,,German,3.83,6.0,1997-01-01,299.0,0.0,7.0,49.281314168377826
https://www.goodreads.com/book/show/57862105-the-stand---das-letzte-gefecht-band-2,The Stand - Das letzte Gefecht (Band 2): Bd. 2,Stephen King,,German,4.0,5.0,2021-03-30,300.0,0.0,0.0,73.52224503764545
https://www.goodreads.com/book/show/190994820-de-gloed,De gloed,Stephen King,,English,4.0,5.0,2022-11-12,817.0,0.0,4.0,75.14305270362765
https://www.goodreads.com/book/show/184567001-la-c-pula,La Cúpula,Stephen King,,,4.0,5.0,2011-06-07,299.0,0.0,12.0,63.709787816563995
https://www.goodreads.com/book/show/62099919,কিং’স—২,Stephen King,,Bengali,3.33,6.0,2021-01-01,96.0,0.0,5.0,73.28131416837782
https://www.goodreads.com/book/show/59918648-es,ES,Stephen King,,German,5.0,4.0,1986-01-01,1214.0,3.0,4.0,38.28062970568104
https://www.goodreads.com/book/show/59236205-jszakai-utaz-s,Éjszakai utazás,Stephen King,,,5.0,4.0,1996-01-01,112.0,0.0,2.0,48.27926078028747
https://www.goodreads.com/book/show/19444829-noir-comme-l-amour,Noir comme l'amour,Stephen King,,,3.33,6.0,2000-10-18,504.0,0.0,22.0,53.07597535934291
https://www.goodreads.com/book/show/53013899-tour-sombre-t1---le-pistolero-la-imaginaire,Tour sombre t1 - le pistolero (La) (IMAGINAIRE,Stephen King,,,4.0,5.0,1998-11-01,240.0,0.0,0.0,51.1129363449692
https://www.goodreads.com/book/show/31391831-turnschuhe,Turnschuhe: Story aus Albträume,Stephen King,,,4.0,5.0,2016-06-06,59.0,0.0,0.0,68.70910335386722
https://www.goodreads.com/book/show/32063157-hinterlassenschaften,Hinterlassenschaften: Story aus Sunset (Story Selection 37),Stephen King,,German,4.0,5.0,2016-09-05,50.0,0.0,0.0,68.95824777549623
https://www.goodreads.com/book/show/51637372-kara-kule---mahser-trips-cizgi-roman-set---7-kitap-takim,Kara Kule - Mahser Trips Cizgi Roman Set - 7 Kitap Takim,Stephen King,,Turkish,5.0,4.0,2014-01-01,299.0,0.0,7.0,66.28062970568104
https://www.goodreads.com/book/show/42651298-stephen-king-new-cover-series-no-21-dark-tower-gunslinger,Stephen King New Cover Series No. 21 Dark Tower Gunslinger,Stephen King,,English,4.0,5.0,2017-07-18,299.0,0.0,28.0,69.82340862422998
https://www.goodreads.com/book/show/41124812-nachtschicht-ii,Nachtschicht II,Stephen King,Audiobook,German,4.0,5.0,2008-01-01,299.0,0.0,5.0,60.27926078028747
https://www.goodreads.com/book/show/36678793,คืนหลอน,Stephen King,,,3.33,6.0,2003-03-01,206.0,0.0,7.0,55.441478439425055
https://www.goodreads.com/book/show/26174140,ドクター・スリープ（下） シャイニング,Stephen King,,,4.75,4.0,2015-06-15,455.0,0.0,5.0,67.73169062286105
https://www.goodreads.com/book/show/150538066-cose-preziose-l-ultima-storia-di-castle-rock-stephen-king-italian-prec,Cose Preziose L'Ultima Storia Di Castle Rock Stephen King (Italian) Precious Things - The Last Castle Rock Story,Stephen King,,Italian,4.75,4.0,1992-01-01,299.0,3.0,3.0,44.27926078028747
https://www.goodreads.com/book/show/59978722-2-stephen-king-books--1-11-22-63---a-novel-2-wolves-of-the-carra,2 Stephen King Books! -1) 11/22/63 - A Novel 2) Wolves of the Carra,Stephen King,,English,4.75,4.0,2006-01-01,299.0,0.0,18.0,58.28062970568104
https://www.goodreads.com/book/show/59236427-a-talizm-n,A talizmán,Stephen King,,,3.8,5.0,1984-01-01,860.0,0.0,2.0,36.27926078028747
https://www.goodreads.com/book/show/48559874-dark-tides,Dark Tides: A Charity Horror Anthology,Stephen King,,,3.8,5.0,2019-10-01,498.0,0.0,56.0,72.02737850787132
https://www.goodreads.com/book/show/55595088-dark-tower-gunslinger-sheemies-tale-limited-release-2-issue-1st-print-co,Dark Tower Gunslinger Sheemies Tale Limited Release 2 Issue 1st Print Comics Set,Stephen King,,English,3.8,5.0,2013-04-10,64.0,0.0,13.0,65.55236139630391
https://www.goodreads.com/book/show/52264011-the-revalation-of-becka-paulson,the revalation of ´becka paulson,Stephen King,,English,4.0,4.0,1984-01-01,299.0,0.0,21.0,36.27926078028747
https://www.goodreads.com/book/show/43823999-sunset---das-pfefferkuchen-madchen-und-andere-erzahlungen,Sunset - Das Pfefferkuchen-Madchen und andere Erzahlungen,Stephen King,,,4.6,5.0,2006-01-01,299.0,0.0,3.0,58.28062970568104
https://www.goodreads.com/book/show/60222703-apr-s,Après: Livre audio 1 CD MP3,Stephen King,,,4.2,5.0,2022-01-19,299.0,0.0,0.0,74.32991101984942
https://www.goodreads.com/book/show/168557436-circle-of-the-werewolf,Circle of the Werewolf,Stephen King,Horror,English,4.2,5.0,1985-01-01,299.0,0.0,3.0,37.281314168377826
https://www.goodreads.com/book/show/26174140,ドクター・スリープ（下） シャイニング,Stephen King,,Japanese,4.75,4.0,2015-06-15,455.0,0.0,5.0,67.73169062286105
https://www.goodreads.com/book/show/48559874-dark-tides,Dark Tides: A Charity Horror Anthology,Stephen King,,English,3.8,5.0,2019-10-01,498.0,0.0,56.0,72.02737850787132
https://www.goodreads.com/book/show/59236427-a-talizm-n,A talizmán,Stephen King,,,3.8,5.0,1984-01-01,860.0,0.0,2.0,36.27926078028747
https://www.goodreads.com/book/show/55595088-dark-tower-gunslinger-sheemies-tale-limited-release-2-issue-1st-print-co,Dark Tower Gunslinger Sheemies Tale Limited Release 2 Issue 1st Print Comics Set,Stephen King,,English,3.8,5.0,2013-04-10,64.0,0.0,13.0,65.55236139630391
https://www.goodreads.com/book/show/33847474-11-22-63,11/22/63 上,Stephen King,,,4.5,4.0,2016-10-07,478.0,0.0,0.0,69.04585900068446
https://www.goodreads.com/book/show/18301591,運命の三人 〈上〉,Stephen King,,Japanese,4.5,4.0,1987-04-01,331.0,0.0,13.0,39.526351813826146
https://www.goodreads.com/book/show/131511085-the-reaper-s-image-in-startling-mystery-stories-12-spring-1969,The Reaper's Image in Startling Mystery Stories #12 Spring 1969.,Stephen King,,English,3.6,5,1969-01-01,299.0,0.0,0.0,21.281314168377826
https://www.goodreads.com/book/show/126114495-dark-tower,Dark Tower: The Gunslinger: The Journey Begins,Stephen King,,English,4.5,4,2012-11-14,136.0,0.0,0.0,65.14989733059548
https://www.goodreads.com/book/show/121157729-cuerpo-el,"Cuerpo, el",Stephen King,,English,4.5,4,1987-01-01,299.0,0.0,2.0,39.279945242984255
https://www.goodreads.com/book/show/62100016,কিং’স—৩,Stephen King,,Bengali,3.6,5,2022-01-01,96.0,0.0,6.0,74.28062970568104
https://www.goodreads.com/book/show/61050823-bla-ze,Bla­ze: A No­vel,Stephen King,,,3.6,5,2022-04-21,301.0,0.0,2.0,74.58179329226557
https://www.goodreads.com/book/show/59236310-a-rem-ny-rabjai,A remény rabjai,Stephen King,,Hungarian,4.5,4,1982-01-01,674.0,2.0,6.0,34.280629705681044
https://www.goodreads.com/book/show/56028367-der-turm,Der Turm,Stephen King,,German,4.5,4,2004-01-01,1006.0,0.0,3.0,56.27926078028747
https://www.goodreads.com/book/show/51924511--,"Все, что ты любил когда-то, ветром унесет",Stephen King,,,3.6,5,2001-01-29,299.0,0.0,5.0,53.35797399041752
https://www.goodreads.com/book/show/44014962,Ο ξένος – Εξύψωση – Ωραίες κοιμωμένες,Stephen King,,"Greek, Modern (1453-)",4.5,4,2018-12-07,299.0,0.0,12.0,71.21149897330595
https://www.goodreads.com/book/show/7819690,ダーク・ハーフ〈上〉,Stephen King,,Japanese,4.5,4,1995-10-07,384.0,0.0,3.0,48.04380561259411
https://www.goodreads.com/book/show/2378343._,タリスマン <下>,Stephen King,,,4.5,4,1987-07-01,566.0,0.0,8.0,39.775496235455165
https://www.goodreads.com/book/show/57400120-stephen-king-4-books-collection-set,Stephen King 4 Books Collection Set,Stephen King,,English,4.25,4,2020-01-01,299.0,0.0,16.0,72.27926078028747
https://www.goodreads.com/book/show/55375405-det-m-rke-t-rn-1---del-1,Det mørke tårn 1 - Del 1: Revolvermannen,Stephen King,,Norwegian,2.83,6,1982-01-01,299.0,0.0,2.0,34.280629705681044
https://www.goodreads.com/book/show/59996224-the-mist-brume-wiz,The Mist (Brume) (Wiz),Stephen King,,French,3.4,5,2010-05-20,201.0,0.0,0.0,62.6611909650924
https://www.goodreads.com/book/show/52564708-se,Se,Stephen King,,,4.25,4,1986-09-15,1136.0,2.0,8.0,38.98425735797399
https://www.goodreads.com/book/show/158797702-from-a-buick-8,From a Buick 8,Stephen King,,,3.4,5,2003-11-25,299.0,0.0,8.0,56.17796030116359
https://www.goodreads.com/book/show/199632882-fin-de-guardia-end-of-watch,"Fin de guardia [End of Watch]: Trilogía Bill Hodges 3 [Bill Hodges Trilogy, Book 3]",Stephen King,,,4.25,4,2022-05-26,299.0,0.0,4.0,74.6776180698152
https://www.goodreads.com/book/show/52264011-the-revalation-of-becka-paulson,the revalation of ´becka paulson,Stephen King,,English,4.0,4,1984-01-01,299.0,0.0,21.0,36.27926078028747
https://www.goodreads.com/book/show/168557436-circle-of-the-werewolf,Circle of the Werewolf,Stephen King,Horror,English,4.2,5,1985-01-01,299.0,0.0,3.0,37.281314168377826
https://www.goodreads.com/book/show/42420326-slutspil---2-gr-nselandet,Slutspil - 2. Grænselandet,Stephen King,,,4.2,5,1978-01-01,291.0,0.0,8.0,30.28062970568104
https://www.goodreads.com/book/show/49549837-king-of-the-road,KIng of the road,Stephen King,,Dutch; Flemish,4.2,5,2007-01-01,265.0,0.0,20.0,59.279945242984255
https://www.goodreads.com/book/show/42625886-slutspil---3-den-rensende-ild,Slutspil - 3. Den rensende ild,Stephen King,,Danish,4.0,5,1978-01-01,168.0,0.0,6.0,30.28062970568104
https://www.goodreads.com/book/show/62983557-rl-g,Örlög,Stephen King,,,3.8,5,1993-01-01,256.0,0.0,4.0,45.281314168377826
https://www.goodreads.com/book/show/54803222-christine-tom-i,Christine tom I,Stephen King,,,3.6,5,1992-01-01,207.0,0.0,5.0,44.27926078028747
https://www.goodreads.com/book/show/55375405-det-m-rke-t-rn-1---del-1,Det mørke tårn 1 - Del 1: Revolvermannen,Stephen King,,,2.83,6,1982-01-01,299.0,0.0,2.0,34.280629705681044
https://www.goodreads.com/book/show/137328908-sleepwalkers-original-screenplay,Sleepwalkers Original Screenplay,Stephen King,,,3.4,5,1991-01-01,299.0,0.0,8.0,43.279945242984255
https://www.goodreads.com/book/show/135844473-lt-s-theory-of-pets,LT's Theory of Pets,Stephen King,,English,4.25,4,2001-08-16,299.0,0.0,0.0,53.90280629705681
https://www.goodreads.com/book/show/158797702-from-a-buick-8,From a Buick 8,Stephen King,,English,3.4,5,2003-11-25,299.0,0.0,8.0,56.17796030116359
https://www.goodreads.com/book/show/60425689-will-we-close-the-book-on-books,Will We Close the Book on Books?,Stephen King,,,4.25,4,2000-06-19,299.0,0.0,8.0,52.74469541409993
https://www.goodreads.com/book/show/59996224-the-mist-brume-wiz,The Mist (Brume) (Wiz),Stephen King,,,3.4,5,2010-05-20,201.0,0.0,0.0,62.6611909650924
https://www.goodreads.com/book/show/57400120-stephen-king-4-books-collection-set,Stephen King 4 Books Collection Set,Stephen King,,,4.25,4,2020-01-01,299.0,0.0,16.0,72.27926078028747
https://www.goodreads.com/book/show/52564708-se,Se,Stephen King,,Finnish,4.25,4,1986-09-15,1136.0,2.0,8.0,38.98425735797399
https://www.goodreads.com/book/show/46004703,ჩონჩხების გუნდი,Stephen King,,,4.25,4,1985-01-01,358.0,0.0,8.0,37.281314168377826
https://www.goodreads.com/book/show/199632882-fin-de-guardia-end-of-watch,"Fin de guardia [End of Watch]: Trilogía Bill Hodges 3 [Bill Hodges Trilogy, Book 3]",Stephen King,,,4.25,4,2022-05-26,299.0,0.0,4.0,74.6776180698152
https://www.goodreads.com/book/show/48920958-torre-oscura-ii---llegada-de-los-tres-l,"torre oscura ii - llegada de los tres, l",Stephen King,,,4.0,4,2012-01-01,299.0,0.0,4.0,64.27926078028747
https://www.goodreads.com/book/show/201657368-bellas-durmientes,BELLAS DURMIENTES,Stephen King,,Spanish; Castilian,3.2,5,2021-01-01,299.0,3.0,8.0,73.28131416837782
https://www.goodreads.com/book/show/23245431-granta-italia-n-5,Granta Italia n. 5: Il male,Stephen King,,Italian,3.2,5,2014-05-01,242.0,0.0,25.0,66.60917180013689
https://www.goodreads.com/book/show/59985673-3,Противостояние. Том 3,Stephen King,,Russian,4.0,4,2019-01-01,299.0,0.0,0.0,71.27994524298425
https://www.goodreads.com/book/show/42420003,Гялбаа,Stephen King,,,4.0,4,2006-01-01,416.0,0.0,13.0,58.28062970568104
https://www.goodreads.com/book/show/35516318-stephen-king-desk-calendar-2008,Stephen King Desk Calendar 2008,Stephen King,,,4.0,4,2007-01-01,299.0,0.0,18.0,59.279945242984255
https://www.goodreads.com/book/show/58033717-la-met-oscura,La Metà Oscura,Stephen King,,,3.75,4,1989-10-20,467.0,0.0,2.0,42.0807665982204
https://www.goodreads.com/book/show/161373214-the-dark-tower-i,The Dark Tower I: Part Three The Oracle and the Mountains,Stephen King,,,5.0,3,1981-01-01,299.0,0.0,2.0,33.281314168377826
https://www.goodreads.com/book/show/150055825-dark-tower,Dark Tower: The Long Road Home,Stephen King,,,5.0,3,2008-10-07,160.0,0.0,0.0,61.045859000684466
https://www.goodreads.com/book/show/123582131-the-talisman,The Talisman,Stephen King,,,3.75,4,1987-03-15,299.0,0.0,6.0,39.4798083504449
https://www.goodreads.com/book/show/60423075-most-overrated-underrated-rock-band,Most Overrated/Underrated Rock Band,Stephen King,,,3.75,4,2001-04-01,299.0,0.0,5.0,53.52772073921971
https://www.goodreads.com/book/show/54803222-christine-tom-i,Christine tom I,Stephen King,,,3.6,5,1992-01-01,207.0,0.0,5.0,44.27926078028747
https://www.goodreads.com/book/show/161373214-the-dark-tower-i,The Dark Tower I: Part Three The Oracle and the Mountains,Stephen King,,,5.0,3,1981-01-01,299.0,0.0,2.0,33.281314168377826
https://www.goodreads.com/book/show/123582131-the-talisman,The Talisman,Stephen King,,,3.75,4,1987-03-15,299.0,0.0,6.0,39.4798083504449
https://www.goodreads.com/book/show/60779510,异能研究所,Stephen King,,Chinese,5.0,3,2021-02-01,576.0,0.0,0.0,73.36618754277892
https://www.goodreads.com/book/show/60432289-lovecraft-s-pillow,Lovecraft's Pillow,Stephen King,,,5.0,3,2005-05-01,299.0,0.0,8.0,57.609856262833674
https://www.goodreads.com/book/show/60423075-most-overrated-underrated-rock-band,Most Overrated/Underrated Rock Band,Stephen King,,,3.75,4,2001-04-01,299.0,0.0,5.0,53.52772073921971
https://www.goodreads.com/book/show/58033717-la-met-oscura,La Metà Oscura,Stephen King,,,3.75,4,1989-10-20,467.0,0.0,2.0,42.0807665982204
https://www.goodreads.com/book/show/50650373-collected-short-stories,Collected Short Stories,Stephen King,,,3.75,4,2015-01-01,299.0,0.0,19.0,67.27994524298425
https://www.goodreads.com/book/show/44789991-i-m-the-doorway,I'm the doorway,Stephen King,,,3.75,4,1987-01-01,299.0,0.0,38.0,39.279945242984255
https://www.goodreads.com/book/show/212081794-fin-de-guardia,Fin de guardia,Stephen King,,,4.67,3,2018-10-04,432.0,0.0,4.0,71.0362765229295
https://www.goodreads.com/book/show/199402897-el-cazador-de-sue-os-dreamcatcher,El cazador de sueños [Dreamcatcher],Stephen King,,,4.67,3,2021-08-26,299.0,0.0,0.0,73.93018480492813
https://www.goodreads.com/book/show/186956861-conte-de-f-es,Conte de fées: Livre audio 3 CD MP3,Stephen King,,,4.67,3,2023-07-05,299.0,0.0,3.0,75.78644763860369
https://www.goodreads.com/book/show/22880005-1,アンダー・ザ・ドーム 1,Stephen King,,,3.5,4,2013-10-10,478.0,0.0,4.0,66.05338809034907
https://www.goodreads.com/book/show/40660498-ono-vossoedinenie,Ono. Vossoedinenie,Stephen King,,,4.67,3,2018-01-01,864.0,2.0,4.0,70.28062970568104
https://www.goodreads.com/book/show/145685080-suffer-the-little-children,SUFFER THE LITTLE CHILDREN.,Stephen King,,,4.67,3,1993-01-01,299.0,0.0,2.0,45.281314168377826
https://www.goodreads.com/book/show/40815841-czarny-dom-cz-1,Czarny Dom cz.1,Stephen King,,,2.8,5,2001-09-15,330.0,0.0,19.0,53.98494182067078
https://www.goodreads.com/book/show/60432303-the-genius-of-the-tell-tale-heart,The Genius of The Tell-Tale Heart,Stephen King,,,4.67,3,2009-01-06,299.0,0.0,9.0,61.295003422313485
https://www.goodreads.com/book/show/54148316,ミスター・メルセデス（下）,Stephen King,,,4.67,3,2016-08-20,252.0,0.0,0.0,68.91444216290212
https://www.goodreads.com/book/show/60424647-leaf-peepers,Leaf-Peepers,Stephen King,,,2.33,6,1998-12-28,299.0,0.0,7.0,51.26899383983573
https://www.goodreads.com/book/show/52326987-der-dunkle-turm-13---das-kartenhaus,Der Dunkle Turm 13 - Das Kartenhaus,Stephen King,,German,4.67,3,2016-03-01,299.0,0.0,3.0,68.4435318275154
https://www.goodreads.com/book/show/109232750-the-wavedancer-benefit,The WaveDancer Benefit,Stephen King,,,4.5,4,2002-07-01,299.0,0.0,3.0,54.776180698151954
https://www.goodreads.com/book/show/54803245-christine-tom-ii,Christine tom II,Stephen King,,,4.0,4,1992-01-01,383.0,0.0,5.0,44.27926078028747
https://www.goodreads.com/book/show/60432303-the-genius-of-the-tell-tale-heart,The Genius of The Tell-Tale Heart,Stephen King,,,4.67,3,2009-01-06,299.0,0.0,9.0,61.295003422313485
https://www.goodreads.com/book/show/43329948-la-tour-sombre,La Tour Sombre: Le Pistolero,Stephen King,,French,3.25,4,2017-06-22,299.0,0.0,8.0,69.75222450376455
https://www.goodreads.com/book/show/166468574-from-a-buick8,From a Buick8,Stephen King,,,4.33,3,2005-01-01,299.0,0.0,0.0,57.281314168377826
https://www.goodreads.com/book/show/142292705-paquete-stephen-king,Paquete Stephen King,Stephen King,,Spanish; Castilian,4.33,3,2014-01-01,299.0,0.0,5.0,66.28062970568104
https://www.goodreads.com/book/show/58974555-buick-stephen-king,Buick Stephen King,Stephen King,,,4.33,3,1986-01-01,299.0,0.0,6.0,38.28062970568104
https://www.goodreads.com/book/show/57005929,任務の終わり　上,Stephen King,,,4.33,3,2021-02-09,310.0,0.0,0.0,73.38809034907598
https://www.goodreads.com/book/show/55244262,ファインダーズ・キーパーズ　下,Stephen King,,Japanese,4.33,3,2017-09-29,319.0,0.0,0.0,70.02327173169063
https://www.goodreads.com/book/show/48917876-der-dunkle-turm-12-der-gefangene,Der Dunkle Turm 12. Der Gefangene,Stephen King,,German,4.33,3,2015-09-01,299.0,0.0,2.0,67.94524298425736
https://www.goodreads.com/book/show/50766139-en-verden-udenfor,En verden udenfor,Stephen King,,Danish,4.33,3,1982-01-01,361.0,0.0,6.0,34.280629705681044
https://www.goodreads.com/book/show/1814318._,メイプル・ストリートの家,Stephen King,,,4.33,3,2006-01-01,314.0,0.0,12.0,58.28062970568104
https://www.goodreads.com/book/show/42643548-veter-skvoz-zamochnuyu-skvazhinu,Veter skvoz zamochnuyu skvazhinu,Stephen King,,Russian,4.33,3,2017-01-01,299.0,0.0,5.0,69.28131416837782
https://www.goodreads.com/book/show/32736550-das-haus-in-der-maple-street,Das Haus in der Maple Street: Story aus Albträume,Stephen King,,,4.33,3,2016-10-24,73.0,0.0,0.0,69.09240246406571
https://www.goodreads.com/book/show/26098319,ザ・スタンド（４）,Stephen King,,,4.33,3,2004-07-10,457.0,0.0,5.0,56.80219028062971
https://www.goodreads.com/book/show/26098314,ザ・スタンド（２）,Stephen King,,Japanese,4.33,3,2004-05-10,518.0,0.0,5.0,56.63518138261465
https://www.goodreads.com/book/show/26064477,ザ・スタンド（１）,Stephen King,,Japanese,4.33,3,2004-04-10,498.0,0.0,6.0,56.55304585900068
https://www.goodreads.com/book/show/26049142,ザ・スタンド（５）,Stephen King,,Japanese,4.33,3,2004-08-10,482.0,0.0,5.0,56.8870636550308
https://www.goodreads.com/book/show/22880071-4,アンダー・ザ・ドーム 4,Stephen King,,,4.33,3,2013-11-08,516.0,0.0,4.0,66.1327857631759
https://www.goodreads.com/book/show/22880056-3,アンダー・ザ・ドーム 3,Stephen King,,Japanese,4.33,3,2013-11-10,553.0,0.0,12.0,66.13826146475017
https://www.goodreads.com/book/show/18301620,運命の三人〈下〉,Stephen King,,Japanese,4.33,3,1987-04-01,418.0,0.0,9.0,39.526351813826146
https://www.goodreads.com/book/show/18001418,ビッグ・ドライバー,Stephen King,,Japanese,4.33,3,2013-04-10,364.0,0.0,4.0,65.55236139630391
https://www.goodreads.com/book/show/7819810-8-kais-no-byuikku-eito-vol-1,回想のビュイック8 [Kaisō No Byuikku Eito] Vol. 1,Stephen King,,Japanese,4.33,3,2005-01-01,393.0,0.0,10.0,57.281314168377826
https://www.goodreads.com/book/show/7819809-8-kais-no-byuikku-eito-vol-2,回想のビュイック8 [Kaisō No Byuikku Eito] Vol. 2,Stephen King,,,4.33,3,2005-01-01,351.0,0.0,9.0,57.281314168377826
https://www.goodreads.com/book/show/60699008-coffret-le-fleau-king-epouvante,Coffret le fleau king ****** epouvante,Stephen King,,,4.33,3,1999-01-04,299.0,0.0,0.0,51.28815879534565
https://www.goodreads.com/book/show/58974555-buick-stephen-king,Buick Stephen King,Stephen King,,English,4.33,3,1986-01-01,299.0,0.0,6.0,38.28062970568104
https://www.goodreads.com/book/show/57005929,任務の終わり　上,Stephen King,,Japanese,4.33,3,2021-02-09,310.0,0.0,0.0,73.38809034907598
https://www.goodreads.com/book/show/628215.DANSE_MACABRE_2_COURS_JIMMY_COURS_ET_AUTRES_NOUVELLES,"DANSE MACABRE 2 - COURS, JIMMY, COURS ET AUTRES NOUVELLES",Stephen King,,French,4.0,3,2001-09-26,299.0,0.0,6.0,54.01505817932922
https://www.goodreads.com/book/show/145640542-kit-trilogia-bill-hodges,"Kit Trilogia Bill Hodges: Achados e perdidos, Mrs. Mercedes e Último turno",Stephen King,,Portuguese,4.0,3,2021-10-13,299.0,0.0,8.0,74.06160164271047
https://www.goodreads.com/book/show/35516347-stephen-king-desk-calendar-2013,Stephen King Desk Calendar 2013,Stephen King,,,4.0,3,2012-01-01,299.0,0.0,19.0,64.27926078028747
https://www.goodreads.com/book/show/35173499,Кольцо,Stephen King,,,4.0,3,2014-01-01,2.0,0.0,9.0,66.28062970568104
https://www.goodreads.com/book/show/31199681-verdammt-gute-band-haben-die-hier,Verdammt gute Band haben die hier: Story aus Albträume,Stephen King,,German,4.0,3,2016-07-04,88.0,0.0,0.0,68.78576317590691
https://www.goodreads.com/book/show/30829740-schattenlicht-twilight-zone,Schattenlicht. Twilight Zone.,Stephen King,,,3.0,4,1984-01-01,284.0,0.0,12.0,36.27926078028747
https://www.goodreads.com/book/show/7785312,夜がはじまるとき,Stephen King,,,4.0,3,2010-08-01,330.0,0.0,9.0,62.861054072553046
https://www.goodreads.com/book/show/44423322-ngay-sau-ho-ng-h-n,Ngay sau hoàng hôn,Stephen King,,Vietnamese,3.67,3,2010-01-01,572.0,0.0,9.0,62.28062970568104
https://www.goodreads.com/book/show/22874965-porque-eu-fui-bachman,Porque eu Fui Bachman,Stephen King,,,3.67,3,1985-01-01,29.0,0.0,22.0,37.281314168377826
https://www.goodreads.com/book/show/129997422-dark-tower,"Dark Tower: The Gunslinger, Vol. 2 - The Little Sister of Eluria (Hardcover) By Stephen King",Stephen King,,,3.67,3,2011-01-01,299.0,0.0,0.0,63.279945242984255
https://www.goodreads.com/book/show/137757760-needful-things,Needful Things: The Last Castle Rock Story,Stephen King,,,5.0,2,1991-01-01,299.0,0.0,5.0,43.279945242984255
https://www.goodreads.com/book/show/169868945-collector-s-set-3--paperback-books,"Collector's Set (3- Paperback Books): Duma Key, Cell, The Green Mile: The Complete Serial Novel",Stephen King,,,5.0,2,1969-01-01,299.0,0.0,0.0,21.281314168377826
https://www.goodreads.com/book/show/170772045-stephen-king-autographed-1st-edition-printing-carrie,Stephen King Autographed 1st Edition Printing Carrie,Stephen King,,,5.0,2,1974-01-01,299.0,0.0,0.0,26.28062970568104
https://www.goodreads.com/book/show/213156678-shining,Shining,Stephen King,,,4.17,6,2024-08-21,768.0,2.0,2.0,76.91718001368925
https://www.goodreads.com/book/show/123297495-green-mile-book-4,"Green Mile book 4: The Bad Death of Eduard Delacroix: The Green Mile, Part 4",Stephen King,,English,4.5,4,1996-06-01,96.0,0.0,0.0,48.695414099931554
https://www.goodreads.com/book/show/199636886-simetierre,Simetierre,Stephen King,,,5.0,3,2019-08-28,299.0,0.0,0.0,71.93429158110882
https://www.goodreads.com/book/show/136558917-es-erstmals-im-taschenbuch-it-german-edition-roman,"""Es"" Erstmals im Taschenbuch! ""It"" German Edition Roman",Stephen King,,,5.0,3,1986-01-01,299.0,0.0,2.0,38.28062970568104
https://www.goodreads.com/book/show/199699240-it-20th-twentieth-edition-text-only,It 20th (twentieth) edition Text Only,Stephen King,,English,5.0,2,1988-01-01,299.0,0.0,0.0,40.27926078028747
https://www.goodreads.com/book/show/148098899-american-vampire-2010-vertigo-1,American Vampire (2010 Vertigo) #1,Stephen King,,,5.0,2,2010-01-01,299.0,0.0,2.0,62.28062970568104
https://www.goodreads.com/book/show/143223293-carrie-unabridged-edition-by-king-stephen-published-by-simon-schuster,"Carrie Unabridged edition by King, Stephen published by Simon & Schuster Audio Audio CD",Stephen King,,English,5.0,2,2008-10-28,299.0,0.0,0.0,61.10335386721424
https://www.goodreads.com/book/show/137757760-needful-things,Needful Things: The Last Castle Rock Story,Stephen King,,,5.0,2,1991-01-01,299.0,0.0,5.0,43.279945242984255
https://www.goodreads.com/book/show/128841725-the-dark-tower,The Dark Tower: The Gunslinger Born #3,Stephen King,,English,5.0,2,2007-01-01,299.0,0.0,0.0,59.279945242984255
https://www.goodreads.com/book/show/30757772-the-king,The King,Stephen King,,,5.0,2,2016-06-25,171.0,0.0,0.0,68.76112251882273
https://www.goodreads.com/book/show/122699633-diff-rentes-saisons---les-vad-s,Différentes saisons - les évadés,Stephen King,,French,5.0,2,1995-01-01,299.0,0.0,0.0,47.279945242984255
https://www.goodreads.com/book/show/82719547-kinder-des-zorns-der-werwolf-von-tarker-mills-2-cassetten,Kinder des Zorns / Der Werwolf von Tarker Mills. 2 Cassetten.,Stephen King,,German,5.0,2,2000-08-01,299.0,0.0,0.0,52.86242299794661
https://www.goodreads.com/book/show/63998437-nightmares-dreamscapes,Nightmares & Dreamscapes,Stephen King,,,3.33,3,2009-01-01,299.0,0.0,4.0,61.281314168377826
https://www.goodreads.com/book/show/61267734-ca---tome-2-litt-rature-trang-re,Ca - tome 2 (Littérature étrangère),Stephen King,,French,5.0,2,2010-05-20,668.0,0.0,2.0,62.6611909650924
https://www.goodreads.com/book/show/60437820-the-rock-and-roll-dead-zone,The Rock and Roll Dead Zone,Stephen King,,,3.33,3,2013-06-01,299.0,0.0,11.0,65.69472963723477
https://www.goodreads.com/book/show/60424663-general,General,Stephen King,,,5.0,2,1997-09-23,299.0,0.0,10.0,50.00684462696783
https://www.goodreads.com/book/show/53671645-11-22-63,11/22/63（中）,Stephen King,,Japanese,5.0,2,2016-10-07,490.0,0.0,0.0,69.04585900068446
https://www.goodreads.com/book/show/51815502,心霊電流　上,Stephen King,,Japanese,5.0,2,2019-01-30,278.0,0.0,2.0,71.35934291581108
https://www.goodreads.com/book/show/40742366-dark-tower-the-long-road-home-5-issue-1st-print-comics-set,Dark Tower The Long Road Home 5 Issue 1st Print Comics Set,Stephen King,,English,5.0,2,2008-07-08,150.0,0.0,35.0,60.79671457905544
https://www.goodreads.com/book/show/136558917-es-erstmals-im-taschenbuch-it-german-edition-roman,"""Es"" Erstmals im Taschenbuch! ""It"" German Edition Roman",Stephen King,,,5.0,3,1986-01-01,299.0,0.0,2.0,38.28062970568104
https://www.goodreads.com/book/show/58549646-2-stephen-king-books-1-duma-key-2-black-house-hardcover-stephen-kin,"2 Stephen King Books! 1) Duma Key 2) Black House [hardcover] Stephen King [Jan 01, 2000]…",Stephen King,,English,4.67,3,2000-01-01,299.0,0.0,8.0,52.27926078028747
https://www.goodreads.com/book/show/63832840-sleeping-beauties-buch-2,Sleeping Beauties Buch 2,Stephen King,,German,4.5,2,2022-10-26,128.0,0.0,3.0,75.0965092402464
https://www.goodreads.com/book/show/199692255-despu-s-later,Después [Later],Stephen King,,,4.5,2,2021-06-10,299.0,0.0,2.0,73.71937029431896
https://www.goodreads.com/book/show/199436209-the-dark-tower-iii,The Dark Tower III: The Waste Lands,Stephen King,,,4.5,2,2016-01-01,299.0,0.0,0.0,68.27926078028747
https://www.goodreads.com/book/show/179086628-stephen-king,"Stephen King: Before the Play, The Shining, Doctor Sleep",Stephen King,,English,4.5,2,2013-12-01,1022.0,0.0,2.0,66.19575633127995
https://www.goodreads.com/book/show/175756304-the-bachman-books,"The Bachman Books: Four Novels by Stephen King: Rage; The Long Walk; Roadwork; The Running Man ---with a New Introduction By Stephen King "" Why I was Bachman """,Stephen King,,English,4.5,2,1986-01-01,299.0,0.0,5.0,38.28062970568104
https://www.goodreads.com/book/show/164291791-collection-of-stephen-king-paperback-books,Collection of Stephen King Paperback Books,Stephen King,,,4.5,2,2001-01-01,299.0,0.0,15.0,53.281314168377826
https://www.goodreads.com/book/show/161721003-the-waste-lands-the-dark-tower-book-3-publisher,"The Waste Lands (The Dark Tower, Book 3) Publisher: Signet",Stephen King,,English,4.5,2,2002-01-01,299.0,0.0,0.0,54.28062970568104
https://www.goodreads.com/book/show/106849699-varsel-i-m-rkret,Varsel i mörkret,Stephen King,,Swedish,3.0,3,2020-04-20,1.0,0.0,4.0,72.58042436687201
https://www.goodreads.com/book/show/99722057-der-dunkle-turm-16-der-seefahrer,Der Dunkle Turm 16. Der Seefahrer,Stephen King,,German,4.5,2,2017-10-01,299.0,0.0,0.0,70.02874743326488
https://www.goodreads.com/book/show/97623076,Счастливый брак,Stephen King,,Russian,4.5,2,2010-01-01,92.0,0.0,0.0,62.28062970568104
https://www.goodreads.com/book/show/3197543-lord-john-signatures,Lord John Signatures,Stephen King,,English,4.5,2,1991-01-01,75.0,0.0,68.0,43.279945242984255
https://www.goodreads.com/book/show/55512776-apocalipsis-parte-i,Apocalipsis. Parte I,Stephen King,,Spanish; Castilian,3.0,3,2020-07-01,808.0,0.0,6.0,72.77754962354551
https://www.goodreads.com/book/show/55986495-s-vnl-s-bind-2,Søvnløs bind 2,Stephen King,,Danish,4.5,2,1996-01-01,534.0,0.0,0.0,48.27926078028747
https://www.goodreads.com/book/show/54459343-nachtgesichter,Nachtgesichter,Stephen King,,German,4.5,2,1989-01-01,128.0,0.0,2.0,41.281314168377826
https://www.goodreads.com/book/show/50906238,Н.,Stephen King,,Russian,3.0,3,2008-01-01,299.0,0.0,12.0,60.27926078028747
https://www.goodreads.com/book/show/43606858-mareritt-i-rom-16,Mareritt i rom 16,Stephen King,,Norwegian,3.0,3,1977-01-01,206.0,0.0,7.0,29.281314168377826
https://www.goodreads.com/book/show/39076592-recuerdos-de-la-revolucion-en-venezuela,Recuerdos De La Revolucion En Venezuela: Souvenir of the Venezuelan Revolution,Stephen King,,,3.0,3,1999-09-14,299.0,0.0,8.0,51.98083504449008
https://www.goodreads.com/book/show/35390463-dangerous,Dangerous,Stephen King,,,4.5,2,2017-06-06,58.0,0.0,0.0,69.70841889117042
https://www.goodreads.com/book/show/26098318,ザ・スタンド（３）,Stephen King,,Japanese,3.0,3,2004-06-10,521.0,0.0,5.0,56.720054757015745
https://www.goodreads.com/book/show/22877772-stephen-king-do-s-culo-vinte-e-um,Stephen King do Século Vinte e Um,Stephen King,,,4.5,2,2014-01-01,777.0,0.0,17.0,66.28062970568104
https://www.goodreads.com/book/show/60779713,恐飞故事集,Stephen King,,,4.33,3,2022-02-02,264.0,0.0,0.0,74.36824093086926
https://www.goodreads.com/book/show/106849699-varsel-i-m-rkret,Varsel i mörkret,Stephen King,,,3.0,3,2020-04-20,1.0,0.0,4.0,72.58042436687201
https://www.goodreads.com/book/show/99722057-der-dunkle-turm-16-der-seefahrer,Der Dunkle Turm 16. Der Seefahrer,Stephen King,,,4.5,2,2017-10-01,299.0,0.0,0.0,70.02874743326488
https://www.goodreads.com/book/show/97623076,Счастливый брак,Stephen King,,Russian,4.5,2,2010-01-01,92.0,0.0,0.0,62.28062970568104
https://www.goodreads.com/book/show/63832840-sleeping-beauties-buch-2,Sleeping Beauties Buch 2,Stephen King,,German,4.5,2,2022-10-26,128.0,0.0,3.0,75.0965092402464
https://www.goodreads.com/book/show/62894809-the-stand---das-letzte-gefecht-band-3,The Stand - Das letzte Gefecht (Band 3),Stephen King,,,4.5,2,2021-07-27,299.0,0.0,0.0,73.84804928131418
https://www.goodreads.com/book/show/61800627-2-stephen-king-books-1-duma-key-2-the-talisman,2 Stephen King Books! 1) Duma Key 2) The Talisman,Stephen King,,,4.5,2,2014-01-01,299.0,0.0,2.0,66.28062970568104
https://www.goodreads.com/book/show/60884846,图书馆警察,Stephen King,,Chinese,4.5,2,1998-01-01,309.0,0.0,0.0,50.28062970568104
https://www.goodreads.com/book/show/50928762-dark-tower-display-piece,Dark Tower Display Piece,Stephen King,,,4.0,2,2004-09-21,299.0,0.0,28.0,57.002053388090346
https://www.goodreads.com/book/show/179205934-la-tour-sombre-le-pistolero,La tour sombre Le pistolero,Stephen King,,,4.0,2,1994-01-01,299.0,0.0,0.0,46.28062970568104
https://www.goodreads.com/book/show/167358121-5-stephen-king-novels,5 Stephen King Novels,Stephen King,,English,4.0,2,1986-01-01,299.0,0.0,3.0,38.28062970568104
https://www.goodreads.com/book/show/58651542,রাইডিং দ্য বুলেট ও দ্য র‌্যাফট,Stephen King,,,2.0,4,2019-01-01,95.0,0.0,2.0,71.27994524298425
https://www.goodreads.com/book/show/3075072,いかしたバンドのいる街で,Stephen King,,,4.0,2,1993-08-01,347.0,0.0,10.0,45.86173853524983
https://www.goodreads.com/book/show/7819741-r-zu-mad-j,ローズ・マダー〈上〉 [Rōzu Madā Jō],Stephen King,,,4.0,2,1999-05-01,542.0,0.0,3.0,51.60848733744011
https://www.goodreads.com/book/show/7819740-r-zu-mad-ge,ローズ・マダー〈下〉 [Rōzu Madā Ge],Stephen King,,,4.0,2,1999-05-01,417.0,0.0,3.0,51.60848733744011
https://www.goodreads.com/book/show/7013900,夕暮れをすぎて,Stephen King,,Japanese,4.0,2,2009-09-01,344.0,0.0,6.0,61.946611909650926
https://www.goodreads.com/book/show/7819734,ペット・セマタリー〈上〉,Stephen King,,,4.0,2,1983-01-01,334.0,0.0,8.0,35.279945242984255
https://www.goodreads.com/book/show/22880037-2,アンダー・ザ・ドーム 2,Stephen King,,,4.0,2,2013-10-10,569.0,0.0,3.0,66.05338809034907
https://www.goodreads.com/book/show/21857136-schwingen-der-finsternis,Schwingen der Finsternis,Stephen King,,,4.0,2,1997-01-01,460.0,0.0,10.0,49.281314168377826
https://www.goodreads.com/book/show/18303362,暗黒の塔〈下〉,Stephen King,,,4.0,2,2006-12-22,557.0,0.0,11.0,59.252566735112936
https://www.goodreads.com/book/show/18303358,暗黒の塔〈中〉,Stephen King,,,4.0,2,2006-11-28,516.0,0.0,13.0,59.186858316221766
https://www.goodreads.com/book/show/7823140,魔道師と水晶球〈下〉,Stephen King,,,4.0,2,1997-11-07,493.0,0.0,8.0,50.130047912388775
https://www.goodreads.com/book/show/18303290,魔道師と水晶球〈上〉,Stephen King,,,4.0,2,1997-11-05,463.0,0.0,10.0,50.12457221081451
https://www.goodreads.com/book/show/7823141,魔道師と水晶球〈中〉,Stephen King,,,4.0,2,1997-11-07,507.0,0.0,7.0,50.130047912388775
https://www.goodreads.com/book/show/7819686,カーラの狼〈中〉,Stephen King,,,4.0,2,2006-03-28,517.0,0.0,9.0,58.5160848733744
https://www.goodreads.com/book/show/3197665-stephen-king-thrillers,Stephen King Thrillers: Grades 9-12,Stephen King,,,4.0,2,2001-06-01,299.0,0.0,32.0,53.69472963723477
https://www.goodreads.com/book/show/3075154,セル 〈上〉,Stephen King,,,4.0,2,2007-11-28,426.0,0.0,6.0,60.186173853524984
https://www.goodreads.com/book/show/200574882-die-leiche,Die Leiche,Stephen King,,,4.0,2,2020-06-09,299.0,0.0,0.0,72.7173169062286
https://www.goodreads.com/book/show/200279193-eldvakinn,Eldvakinn,Stephen King,,,4.0,2,1981-01-01,374.0,0.0,0.0,33.281314168377826
https://www.goodreads.com/book/show/198610063-the-wind-through-the-keyhole-by-stephen-king-unabridged-mp3-cd-audiobook,The Wind Through the Keyhole by Stephen King Unabridged MP3 CD Audiobook,Stephen King,,,4.0,2,2012-01-01,299.0,0.0,0.0,64.27926078028747
https://www.goodreads.com/book/show/195467601-gwendy-trilogy-collector-s-set,"Gwendy Trilogy Collector's Set: Gwendy's Button Box, Gwendy's Magic Feather, Gwendy's Final Task",Stephen King,,,4.0,2,2023-01-01,299.0,0.0,8.0,75.27994524298425
https://www.goodreads.com/book/show/179205934-la-tour-sombre-le-pistolero,La tour sombre Le pistolero,Stephen King,,French,4.0,2,1994-01-01,299.0,0.0,0.0,46.28062970568104
https://www.goodreads.com/book/show/167358121-5-stephen-king-novels,5 Stephen King Novels,Stephen King,,English,4.0,2,1986-01-01,299.0,0.0,3.0,38.28062970568104
https://www.goodreads.com/book/show/161037726-dark-tower,Dark Tower: The Gunslinger - The Little Sister of Eluria,Stephen King,,English,4.0,2,2010-01-01,299.0,0.0,0.0,62.28062970568104
https://www.goodreads.com/book/show/152186221-1922-546hgfhfg,1922 546HGFHFG,Stephen King,,,4.0,2,2022-05-18,1.0,0.0,0.0,74.65571526351813
https://www.goodreads.com/book/show/151293374-stephen-king---set-of-4-books---desperation-from-a-buick-8-hearts-in-a,"Stephen King - Set of 4 Books - Desperation, From a Buick 8, Hearts in Atlantis, Duma Key",Stephen King,,,4.0,2,1996-01-01,299.0,0.0,0.0,48.27926078028747
https://www.goodreads.com/book/show/144502247-das-spiel,Das Spiel,Stephen King,,,4.0,2,1992-01-01,299.0,0.0,4.0,44.27926078028747
https://www.goodreads.com/book/show/98938359-the-tommyknockers-v-2-t-t-1-in-russian-language,The Tommyknockers V 2 t. T. 1 [In Russian Language],Stephen King,,,4.0,2,2004-01-01,412.0,0.0,0.0,56.27926078028747
https://www.goodreads.com/book/show/18303358,暗黒の塔〈中〉,Stephen King,,,4.0,2,2006-11-28,516.0,0.0,13.0,59.186858316221766
https://www.goodreads.com/book/show/63325373-summary-of-this-is-your-mind-on-plants-by-michael-pollan,Summary of This is your mind on plants by Michael Pollan,Stephen King,,English,4.0,2,2022-10-29,299.0,0.0,0.0,75.1047227926078
https://www.goodreads.com/book/show/61087632-despu-s-de-medianoche,Después de medianoche,Stephen King,,,4.0,2,1992-01-01,299.0,0.0,0.0,44.27926078028747
https://www.goodreads.com/book/show/60459493-the-circle-closes,The Circle Closes,Stephen King,,English,4.0,2,2021-06-22,299.0,0.0,61.0,73.75222450376455
https://www.goodreads.com/book/show/58651542,রাইডিং দ্য বুলেট ও দ্য র‌্যাফট,Stephen King,,,2.0,4,2019-01-01,95.0,0.0,2.0,71.27994524298425
https://www.goodreads.com/book/show/50928762-dark-tower-display-piece,Dark Tower Display Piece,Stephen King,,,4.0,2,2004-09-21,299.0,0.0,28.0,57.002053388090346
https://www.goodreads.com/book/show/40815925-czarny-dom-cz-2,Czarny Dom cz.2,Stephen King,,,4.0,2,2018-06-13,378.0,0.0,15.0,70.72689938398358
https://www.goodreads.com/book/show/32946393-night-vision-5--zueignung,Night Vision 5 -Zueignung: Story aus Albträume,Stephen King,,,4.0,2,2016-11-07,79.0,0.0,0.0,69.13073237508556
https://www.goodreads.com/book/show/30820178-the-beast-of-hayvenhurst-manor,The Beast of Hayvenhurst Manor,Stephen King,,English,4.0,2,2016-06-29,16.0,0.0,0.0,68.77207392197126
https://www.goodreads.com/book/show/30313024,პლიმუთ ფიური,Stephen King,,Georgian,4.0,2,1983-07-13,480.0,0.0,6.0,35.80835044490075
https://www.goodreads.com/book/show/22880037-2,アンダー・ザ・ドーム 2,Stephen King,,,4.0,2,2013-10-10,569.0,0.0,0.0,66.05338809034907
https://www.goodreads.com/book/show/21857136-schwingen-der-finsternis,Schwingen der Finsternis,Stephen King,,,4.0,2,1997-01-01,460.0,0.0,10.0,49.281314168377826
https://www.goodreads.com/book/show/18303362,暗黒の塔〈下〉,Stephen King,,,4.0,2,2006-12-22,557.0,0.0,11.0,59.252566735112936
https://www.goodreads.com/book/show/56692018,톰 고든을 사랑한 소녀,Stephen King,,,3.5,2,2015-07-10,284.0,0.0,0.0,67.80013689253936
https://www.goodreads.com/book/show/219246091-the-langoliers-versione-italiana,The langoliers (versione italiana),Stephen King,,,3.83,6,2018-09-04,376.0,0.0,2.0,70.95414099931554
https://www.goodreads.com/book/show/210967309-end-of-watch,End of Watch,Stephen King,,,4.2,5,2018-01-01,299.0,2.0,4.0,70.28062970568104
https://www.goodreads.com/book/show/41011521,스탠 바이 미,Stephen King,,,3.5,2,2010-04-05,414.0,0.0,5.0,62.53798767967146
https://www.goodreads.com/book/show/56692018,톰 고든을 사랑한 소녀,Stephen King,,,3.5,2,2015-07-10,284.0,0.0,0.0,67.80013689253936
https://www.goodreads.com/book/show/60429965-dino,Dino,Stephen King,,,3.5,2,1994-09-01,299.0,0.0,6.0,46.945927446954144
https://www.goodreads.com/book/show/55942006,眠れる美女たち　下,Stephen King,,Japanese,3.5,2,2020-10-29,299.0,0.0,0.0,73.10609171800137
https://www.goodreads.com/book/show/55941997,眠れる美女たち　上,Stephen King,,,3.5,2,2020-10-29,599.0,0.0,0.0,73.10609171800137
https://www.goodreads.com/book/show/55154117-blind-willie---only-un-edited-version,BLIND WILLIE - Only Un-Edited Version,Stephen King,,,3.5,2,2018-08-13,410.0,0.0,12.0,70.89390828199863
https://www.goodreads.com/book/show/60432134-the-weapon,The Weapon,Stephen King,,,3.5,2,2001-09-23,299.0,0.0,11.0,54.00684462696783
https://www.goodreads.com/book/show/40060745-salem-s-lot,"Salem's Lot: The BBC full-cast dramatisation plus Secret Window, Secret Garden",Stephen King,,English,3.5,2,2019-02-07,299.0,0.0,16.0,71.38124572210815
https://www.goodreads.com/book/show/75290804-abandoned-husband,ABANDONED HUSBAND : ABANDONED,Stephen King,,,3.5,2,2022-12-23,20.0,0.0,4.0,75.25530458590006
https://www.goodreads.com/book/show/136249514-blaze,Blaze,Stephen King,,English,3.5,2,2007-06-12,299.0,0.0,2.0,59.723477070499655
https://www.goodreads.com/book/show/34642653,Похоронная компания,Stephen King,,Russian,3.5,2,1991-01-01,432.0,0.0,6.0,43.279945242984255
https://www.goodreads.com/book/show/205590646-znalezione-nie-kradzione,Znalezione nie kradzione,Stephen King,,,3.5,2,2015-01-01,480.0,0.0,3.0,67.27994524298425
https://www.goodreads.com/book/show/3645775-2,ドリームキャッチャー〈2〉,Stephen King,,Japanese,3.0,2,2001-03-20,322.0,0.0,9.0,53.49486652977413
https://www.goodreads.com/book/show/56440843-one-pretty-pony,One Pretty Pony,Stephen King,,,3.0,2,2013-12-17,31.0,0.0,0.0,66.23956194387407
https://www.goodreads.com/book/show/53399043,Дэнни Торранс,Stephen King,,,3.0,2,2017-01-01,808.0,0.0,2.0,69.28131416837782
https://www.goodreads.com/book/show/40245925,В полумраке ужаса,Stephen King,,,3.0,2,2017-01-01,422.0,0.0,13.0,69.28131416837782
https://www.goodreads.com/book/show/26723812,被詛咒的手,Stephen King,,,3.0,2,1986-11-01,380.0,0.0,10.0,39.1129363449692
https://www.goodreads.com/book/show/35010361-spannende-misdaadverhalen,Spannende misdaadverhalen,Stephen King,,Dutch; Flemish,3.0,2,1994-01-01,128.0,0.0,18.0,46.28062970568104
https://www.goodreads.com/book/show/34129371-the-sphere,The Sphere,Stephen King,,English,3.0,2,2017-02-04,410.0,2.0,40.0,69.37440109514031
https://www.goodreads.com/book/show/33949942,Полоса неба,Stephen King,,Russian,3.0,2,1982-01-01,17.0,0.0,10.0,34.280629705681044
https://www.goodreads.com/book/show/25419476-smiley-man,Smiley Man: Black White comic,Stephen King,,English,3.0,2,2014-10-06,299.0,0.0,0.0,67.04175222450377
https://www.goodreads.com/book/show/25417616,ペット・セマタリー〈下〉,Stephen King,,Japanese,3.0,2,1989-08-01,334.0,0.0,9.0,41.86173853524983
https://www.goodreads.com/book/show/57497614,זה,Stephen King,,Hebrew,5.0,1 rating0 reviews,2017-01-01,991.0,0.0,0.0,69.28131416837782
https://www.goodreads.com/book/show/141806746-stephen-king-5-paperback,Stephen King 5 paperback,Stephen King,,,5.0,1 rating0 reviews,2015-01-01,299.0,0.0,0.0,67.27994524298425
https://www.goodreads.com/book/show/141622246-stephen-king-hardcover-novel-collection-12-book-set,Stephen King Hardcover Novel Collection 12 Book Set,Stephen King,,English,5.0,1 rating0 reviews,2014-01-01,299.0,0.0,0.0,66.28062970568104
https://www.goodreads.com/book/show/140849429-the-stand-for-the-first-time-complete-and-uncut-by-stephen-king-paperba,The Stand for the First Time Complete and Uncut By Stephen King (Paperback) Plus 2 Free Paperbacks: Carrie and Christine,Stephen King,,English,5.0,1 rating0 reviews,1991-01-01,299.0,0.0,0.0,43.279945242984255
https://www.goodreads.com/book/show/139532172-stephen-king-10-novel-paperback-set,Stephen King 10 Novel Paperback Set,Stephen King,,,5.0,1 rating0 reviews,2002-01-01,299.0,0.0,0.0,54.28062970568104
https://www.goodreads.com/book/show/137922481-sleeping-beauties-3-cvr-a-wu,Sleeping Beauties #3 CVR A Wu,Stephen King,,,5.0,1 rating0 reviews,2020-01-01,299.0,0.0,0.0,72.27926078028747
https://www.goodreads.com/book/show/57501847-dark-tower-drawing-of-three-prisoner-1-skottie-young-variant,Dark Tower Drawing of Three Prisoner #1 Skottie Young Variant,Stephen King,,,5.0,1 rating0 reviews,2017-01-17,299.0,0.0,5.0,69.32511978097193
https://www.goodreads.com/book/show/1814324._,スザンナの歌〈下〉,Stephen King,,,5.0,1 rating0 reviews,2006-07-28,371.0,0.0,10.0,58.85010266940452
https://www.goodreads.com/book/show/55512801-apocalipsis-parte-ii,Apocalipsis. Parte II,Stephen King,,,2.5,2,1978-10-03,792.0,0.0,6.0,31.033538672142367
https://www.goodreads.com/book/show/55292473-the-stand-06,The Stand 06: Schwarze Nacht,Stephen King,,German,5.0,1 rating0 reviews,2012-10-09,299.0,0.0,0.0,65.05133470225873
https://www.goodreads.com/book/show/52622169-sleeping-beauties-1-ashcan,Sleeping Beauties #1 Ashcan,Stephen King,,,5.0,1 rating0 reviews,2020-04-01,299.0,0.0,19.0,72.5284052019165
https://www.goodreads.com/book/show/51959186,心霊電流　下,Stephen King,,,5.0,1 rating1 review,2019-01-30,275.0,0.0,0.0,71.35934291581108
https://www.goodreads.com/book/show/51013410-lovets-snov,Lovets snov,Stephen King,,Russian,5.0,1 rating0 reviews,2010-01-01,299.0,0.0,0.0,62.28062970568104
https://www.goodreads.com/book/show/44576998-la-tour-sombre-cd-t2,La Tour Sombre CD T2,Stephen King,,,5.0,1 rating0 reviews,2017-06-22,299.0,0.0,0.0,69.75222450376455
https://www.goodreads.com/book/show/23374184-illusions-in-the-rainbow,Illusions in the Rainbow,Stephen King,,English,5.0,1 rating0 reviews,2004-02-06,312.0,0.0,83.0,56.37782340862423
https://www.goodreads.com/book/show/5134229-l-ann-e-1700,"L'année 1700 : Actes du colloque du Centre de recherches sur le XVIIe siècle européen (1600-1700), Université Michel de Montaigne, Bordeaux III, 30-31 janvier 2003",Stephen King,,,5.0,1 rating0 reviews,2004-09-30,299.0,0.0,0.0,57.02669404517454
https://www.goodreads.com/book/show/149797046-pesadillas-y-alucinaciones-vol-01,PESADILLAS Y ALUCINACIONES. VOL. 01,Stephen King,,English,5.0,1 rating0 reviews,2007-01-01,299.0,0.0,0.0,59.279945242984255
https://www.goodreads.com/book/show/149680955-please-smile,"Please smile: Cuaderno de animales 110 páginas rayadas: cuaderno de bocetos, diario, lista de tareas pendientes, ... para planificar, organizar y tomar notas",Stephen King,,Spanish; Castilian,5.0,1 rating0 reviews,2022-09-23,110.0,0.0,0.0,75.00616016427105
https://www.goodreads.com/book/show/149675642-cuaderno-el-momento-perfecto,"Cuaderno el momento perfecto: Cuaderno de notas 110 páginas rayadas: cuaderno, cuaderno de bocetos, diario, lista de tareas pendientes, ... para planificar, organizar y tomar notas",Stephen King,,Spanish; Castilian,5.0,1 rating0 reviews,2022-09-23,110.0,0.0,0.0,75.00616016427105
https://www.goodreads.com/book/show/148348548-beit-kvarot-le-hayot-sha-ashuim,Beit Kvarot le-Hayot Sha'ashuim,Stephen King,,English,5.0,1 rating0 reviews,2019-01-01,319.0,0.0,0.0,71.27994524298425
https://www.goodreads.com/book/show/146230851-legends,Legends: Stories By The Masters of Modern Fantasy,Stephen King,Fantasy,English,5.0,1 rating0 reviews,2001-08-01,715.0,0.0,8.0,53.86173853524983
https://www.goodreads.com/book/show/141622246-stephen-king-hardcover-novel-collection-12-book-set,Stephen King Hardcover Novel Collection 12 Book Set,Stephen King,,English,5.0,1 rating0 reviews,2014-01-01,299.0,0.0,0.0,66.28062970568104
https://www.goodreads.com/book/show/140849429-the-stand-for-the-first-time-complete-and-uncut-by-stephen-king-paperba,The Stand for the First Time Complete and Uncut By Stephen King (Paperback) Plus 2 Free Paperbacks: Carrie and Christine,Stephen King,,English,5.0,1 rating0 reviews,1991-01-01,299.0,0.0,0.0,43.279945242984255
https://www.goodreads.com/book/show/137922481-sleeping-beauties-3-cvr-a-wu,Sleeping Beauties #3 CVR A Wu,Stephen King,,,5.0,1 rating0 reviews,2020-01-01,299.0,0.0,0.0,72.27926078028747
https://www.goodreads.com/book/show/137914259-ha-machon,Ha-Machon,Stephen King,,English,5.0,1 rating0 reviews,2020-01-01,553.0,0.0,0.0,72.27926078028747
https://www.goodreads.com/book/show/123549819-ur-audiobook-unabridged-publisher,"UR [Audiobook, Unabridged] Publisher: Simon & Schuster Audio; Unabridged edition",Stephen King,,English,5.0,1 rating0 reviews,2011-01-01,299.0,0.0,0.0,63.279945242984255
https://www.goodreads.com/book/show/123540101-fantasy-annual-iv,Fantasy Annual IV,Stephen King,,,5.0,1 rating0 reviews,1981-01-01,344.0,0.0,0.0,33.281314168377826
https://www.goodreads.com/book/show/123457842-stand-captain-trips-1-comic-book,Stand Captain Trips #1 Comic Book,Stephen King,,English,5.0,1 rating0 reviews,2008-01-01,299.0,0.0,0.0,60.27926078028747
https://www.goodreads.com/book/show/115742306-stephen-king-desk-calendar-2007,Stephen King Desk Calendar 2007!,Stephen King,,,5.0,1 rating0 reviews,2006-01-01,299.0,0.0,0.0,58.28062970568104
https://www.goodreads.com/book/show/161426892-two-collector-s-editions---the-shining-and-salem-s-lot,Two Collector's Editions - The Shining and 'Salem's Lot,Stephen King,,English,5.0,1 rating0 reviews,1991-01-01,299.0,0.0,0.0,43.279945242984255
https://www.goodreads.com/book/show/158684391-later-hard-case-crime-paperback-2-mar-2021,Later Hard Case Crime Paperback 2 Mar 2021,Stephen King,,,5.0,1 rating0 reviews,2021-01-01,299.0,0.0,0.0,73.28131416837782
https://www.goodreads.com/book/show/148468785-the-bachman-books,The Bachman Books,Stephen King,,English,5.0,1 rating0 reviews,1985-01-01,692.0,3.0,9.0,37.281314168377826
https://www.goodreads.com/book/show/148434337-the-wind-through-the-keyhole-slip-case---no-book,The Wind Through the Keyhole Slip Case - No Book,Stephen King,,,5.0,1 rating0 reviews,1964-01-01,299.0,0.0,0.0,16.279260780287473
https://www.goodreads.com/book/show/148348548-beit-kvarot-le-hayot-sha-ashuim,Beit Kvarot le-Hayot Sha'ashuim,Stephen King,,English,5.0,1 rating0 reviews,2019-01-01,319.0,0.0,0.0,71.27994524298425
https://www.goodreads.com/book/show/148316633-la-torre-oscura-el-largo-camino-a-casa,La torre oscura. El largo camino a casa,Stephen King,,,5.0,1 rating0 reviews,2009-01-01,299.0,0.0,0.0,61.281314168377826
https://www.goodreads.com/book/show/147627459-cuaderno-de-coche-para-ni-os,Cuaderno de coche para niños: Coches deportivos Para niños Libro de escritura: Libro de bocetos de autos de carreras para niños Cuaderno de regalo,Stephen King,,Spanish; Castilian,5.0,1 rating0 reviews,2022-09-18,110.0,0.0,0.0,74.99247091033538
https://www.goodreads.com/book/show/147453324-stephen-king,Stephen King: The Stand: Captain Trips - First Printing Set,Stephen King,,English,5.0,1 rating0 reviews,2008-01-01,32.0,0.0,0.0,60.27926078028747
https://www.goodreads.com/book/show/146980507-this-fall-belongs-to-the-king-penguin-publishing-advertisment,This Fall Belongs to the King! Penguin Publishing Advertisment,Stephen King,,,5.0,1 rating0 reviews,1991-01-01,299.0,0.0,0.0,43.279945242984255
https://www.goodreads.com/book/show/146928301-dark-tower-4-the-long-road-home-comic-book-1st-printing,Dark Tower #4 The Long Road Home Comic Book 1st Printing,Stephen King,,,5.0,1 rating0 reviews,2008-01-01,40.0,0.0,0.0,60.27926078028747
https://www.goodreads.com/book/show/146230851-legends,Legends: Stories By The Masters of Modern Fantasy,Stephen King,Fantasy,English,5.0,1 rating0 reviews,2001-08-01,715.0,0.0,8.0,53.86173853524983
https://www.goodreads.com/book/show/140849429-the-stand-for-the-first-time-complete-and-uncut-by-stephen-king-paperba,The Stand for the First Time Complete and Uncut By Stephen King (Paperback) Plus 2 Free Paperbacks: Carrie and Christine,Stephen King,,,5.0,1 rating0 reviews,1991-01-01,299.0,0.0,0.0,43.279945242984255
https://www.goodreads.com/book/show/129997027-children-of-the-corn---vhs---vide0,CHILDREN OF THE CORN - VHS - VIDE0,Stephen King,,,5.0,1 rating0 reviews,1984-01-01,299.0,0.0,0.0,36.27926078028747
https://www.goodreads.com/book/show/129996991-the-dark-tower-2-graphic-novel,THE DARK TOWER 2 (GRAPHIC NOVEL): THE LONG ROAD HOME - BOOK MARK,Stephen King,,Japanese,5.0,1 rating0 reviews,2008-01-01,299.0,0.0,0.0,60.27926078028747
https://www.goodreads.com/book/show/128910416-castle-rock-the-stephen-king-newsletter-december-1986-january-1987-vol,"Castle Rock The Stephen King Newsletter December 1986/January 1987 Vol. 3, No.1 Double Issue",Stephen King,,,5.0,1 rating0 reviews,1987-01-01,299.0,0.0,0.0,39.279945242984255
https://www.goodreads.com/book/show/128738028-castle-rock,"CASTLE ROCK : THE STEPHEN KING NEWSLETTER April 1986 , Vol. 2, No. 4, , Includes Articles Praise for Ellison's 'Gramma' "". The Unexpected, and the Inevitable"" By Michael McDowell ,ETC. Castle Rock Was Published in Bangor Maine, From 1985 to 1989, An",Stephen King,,English,5.0,1 rating0 reviews,1986-01-01,299.0,0.0,0.0,38.28062970568104
https://www.goodreads.com/book/show/123549819-ur-audiobook-unabridged-publisher,"UR [Audiobook, Unabridged] Publisher: Simon & Schuster Audio; Unabridged edition",Stephen King,,,5.0,1 rating0 reviews,2011-01-01,299.0,0.0,0.0,63.279945242984255
https://www.goodreads.com/book/show/123540101-fantasy-annual-iv,Fantasy Annual IV,Stephen King,,,5.0,1 rating0 reviews,1981-01-01,344.0,0.0,0.0,33.281314168377826
https://www.goodreads.com/book/show/123457842-stand-captain-trips-1-comic-book,Stand Captain Trips #1 Comic Book,Stephen King,,,5.0,1 rating0 reviews,2008-01-01,299.0,0.0,0.0,60.27926078028747
https://www.goodreads.com/book/show/130161576-ha-mile-he-yarok-sidra-be-hemsheichim,Ha-Mile he-Yarok Sidra be-Hemsheichim,Stephen King,,Hebrew,5.0,1 rating0 reviews,2012-01-01,299.0,0.0,0.0,64.27926078028747
https://www.goodreads.com/book/show/162093275-slow-mutants,Slow Mutants,Stephen King,,English,5.0,1 rating0 reviews,1981-01-01,299.0,0.0,0.0,33.281314168377826
https://www.goodreads.com/book/show/158684391-later-hard-case-crime-paperback-2-mar-2021,Later Hard Case Crime Paperback 2 Mar 2021,Stephen King,,,5.0,1 rating0 reviews,2021-01-01,299.0,0.0,0.0,73.28131416837782
https://www.goodreads.com/book/show/158651927-american-vampire-3-retailer-incentive-kubert-variant-cover-vertigo,American Vampire #3 Retailer Incentive Kubert Variant Cover (Vertigo,Stephen King,,,5.0,1 rating0 reviews,2010-01-01,299.0,0.0,0.0,62.28062970568104
https://www.goodreads.com/book/show/151226367-the-dark-tower,The Dark Tower: The Gunslinger / The Drawing of the Three / The Waste Lands,Stephen King,,English,5.0,1 rating0 reviews,1998-01-01,299.0,0.0,0.0,50.28062970568104
https://www.goodreads.com/book/show/149868149-sleeping-beauties-no-2-cover-b,Sleeping Beauties No. 2 Cover B,Stephen King,,,5.0,1 rating0 reviews,2020-01-01,299.0,0.0,0.0,72.27926078028747
https://www.goodreads.com/book/show/149680955-please-smile,"Please smile: Cuaderno de animales 110 páginas rayadas: cuaderno de bocetos, diario, lista de tareas pendientes, ... para planificar, organizar y tomar notas",Stephen King,,,5.0,1 rating0 reviews,2022-09-23,110.0,0.0,0.0,75.00616016427105
https://www.goodreads.com/book/show/149675642-cuaderno-el-momento-perfecto,"Cuaderno el momento perfecto: Cuaderno de notas 110 páginas rayadas: cuaderno, cuaderno de bocetos, diario, lista de tareas pendientes, ... para planificar, organizar y tomar notas",Stephen King,,Spanish; Castilian,5.0,1 rating0 reviews,2022-09-23,110.0,0.0,0.0,75.00616016427105
https://www.goodreads.com/book/show/148434337-the-wind-through-the-keyhole-slip-case---no-book,The Wind Through the Keyhole Slip Case - No Book,Stephen King,,,5.0,1 rating0 reviews,1964-01-01,299.0,0.0,0.0,16.279260780287473
https://www.goodreads.com/book/show/148348548-beit-kvarot-le-hayot-sha-ashuim,Beit Kvarot le-Hayot Sha'ashuim,Stephen King,,,5.0,1 rating0 reviews,2019-01-01,319.0,0.0,0.0,71.27994524298425
https://www.goodreads.com/book/show/130840157-dark-tower-treachery-6-1,Dark Tower Treachery #6 1:25 Variant,Stephen King,,,5.0,1 rating0 reviews,2009-01-01,299.0,0.0,0.0,61.281314168377826
https://www.goodreads.com/book/show/123549819-ur-audiobook-unabridged-publisher,"UR [Audiobook, Unabridged] Publisher: Simon & Schuster Audio; Unabridged edition",Stephen King,,English,5.0,1 rating0 reviews,2011-01-01,299.0,0.0,0.0,63.279945242984255
https://www.goodreads.com/book/show/130063772-stephen-king-8-books,STEPHEN KING 8 BOOKS,Stephen King,,English,5.0,1 rating0 reviews,1983-01-01,299.0,0.0,4.0,35.279945242984255
https://www.goodreads.com/book/show/130040495-cell-publisher,Cell Publisher: Pocket Star; premium edition,Stephen King,,,5.0,1 rating0 reviews,2005-01-01,299.0,0.0,7.0,57.281314168377826
https://www.goodreads.com/book/show/130002239-talisman-road-of-trials-5-comic-book,Talisman Road of Trials #5 Comic Book,Stephen King,,,5.0,1 rating0 reviews,2010-01-01,299.0,0.0,0.0,62.28062970568104
https://www.goodreads.com/book/show/129997192-maximum-overdrive---dvd---sealed,MAXIMUM OVERDRIVE - DVD - SEALED,Stephen King,,,5.0,1 rating0 reviews,2004-01-01,299.0,0.0,4.0,56.27926078028747
https://www.goodreads.com/book/show/129997088-stephen-kings-overlook-hotel-postcard---from-abc-tv-for-the-shining,STEPHEN KINGS OVERLOOK HOTEL POSTCARD - from ABC TV for THE SHINING,Stephen King,,,5.0,1 rating0 reviews,1997-01-01,299.0,0.0,0.0,49.281314168377826
https://www.goodreads.com/book/show/129997081-trucks---vhs---rare-video---oop,TRUCKS - VHS - RARE VIDEO - OOP,Stephen King,,,5.0,1 rating0 reviews,1999-01-01,299.0,0.0,0.0,51.279945242984255
https://www.goodreads.com/book/show/129997027-children-of-the-corn---vhs---vide0,CHILDREN OF THE CORN - VHS - VIDE0,Stephen King,,,5.0,1 rating0 reviews,1984-01-01,299.0,0.0,0.0,36.27926078028747
https://www.goodreads.com/book/show/129996991-the-dark-tower-2-graphic-novel,THE DARK TOWER 2 (GRAPHIC NOVEL): THE LONG ROAD HOME - BOOK MARK,Stephen King,,,5.0,1 rating0 reviews,2008-01-01,299.0,0.0,0.0,60.27926078028747
https://www.goodreads.com/book/show/128910416-castle-rock-the-stephen-king-newsletter-december-1986-january-1987-vol,"Castle Rock The Stephen King Newsletter December 1986/January 1987 Vol. 3, No.1 Double Issue",Stephen King,,,5.0,1 rating0 reviews,1987-01-01,299.0,0.0,0.0,39.279945242984255
https://www.goodreads.com/book/show/128738028-castle-rock,"CASTLE ROCK : THE STEPHEN KING NEWSLETTER April 1986 , Vol. 2, No. 4, , Includes Articles Praise for Ellison's 'Gramma' "". The Unexpected, and the Inevitable"" By Michael McDowell ,ETC. Castle Rock Was Published in Bangor Maine, From 1985 to 1989, An",Stephen King,,,5.0,1 rating0 reviews,1986-01-01,299.0,0.0,0.0,38.28062970568104
https://www.goodreads.com/book/show/133942078-the-stand-no-mans-land,THE STAND NO MANS LAND,Stephen King,,,5.0,1 rating0 reviews,2010-01-01,299.0,0.0,0.0,62.28062970568104
https://www.goodreads.com/book/show/167979537-the-amityville-horror-ii,The Amityville Horror II,Stephen King,,,5.0,1 rating0 reviews,1982-01-01,299.0,0.0,3.0,34.280629705681044
https://www.goodreads.com/book/show/162618427-the-backman-books,THE BACKMAN BOOKS,Stephen King,,,5.0,1 rating0 reviews,1986-01-01,299.0,0.0,9.0,38.28062970568104
https://www.goodreads.com/book/show/162093275-slow-mutants,Slow Mutants,Stephen King,,English,5.0,1 rating0 reviews,1981-01-01,299.0,0.0,0.0,33.281314168377826
https://www.goodreads.com/book/show/161924911-stephen-king-3-books-french-langauge-paperback-softcover-the-girl-w,"Stephen King, 3 books, French langauge, paperback, softcover, The Girl Who Loved Tom Gordon, The Shining, Needful Things",Stephen King,,,5.0,1 rating0 reviews,1995-01-01,299.0,0.0,0.0,47.279945242984255
https://www.goodreads.com/book/show/161660391-zeh---atifat-ha-seret,Zeh - atifat ha-Seret,Stephen King,,,5.0,1 rating0 reviews,2017-01-01,991.0,0.0,0.0,69.28131416837782
https://www.goodreads.com/book/show/161615296-kol-ha-motzeh-zocheh,Kol ha-Motzeh zocheh,Stephen King,,English,5.0,1 rating0 reviews,2017-01-01,450.0,0.0,0.0,69.28131416837782
https://www.goodreads.com/book/show/161614810-sof-ha-mishmeret,Sof ha-Mishmeret,Stephen King,,,5.0,1 rating0 reviews,2018-01-01,444.0,0.0,0.0,70.28062970568104
https://www.goodreads.com/book/show/161603251-ha-ekdohan,Ha-Ekdohan: Ha-Migdal ha-afel 1,Stephen King,,,5.0,1 rating0 reviews,2018-01-01,224.0,0.0,0.0,70.28062970568104
https://www.goodreads.com/book/show/161426892-two-collector-s-editions---the-shining-and-salem-s-lot,Two Collector's Editions - The Shining and 'Salem's Lot,Stephen King,,,5.0,1 rating0 reviews,1991-01-01,299.0,0.0,0.0,43.279945242984255
https://www.goodreads.com/book/show/133949331-the-dark-tower,THE DARK TOWER,Stephen King,,,5.0,1 rating0 reviews,2003-01-01,299.0,0.0,0.0,55.279945242984255
https://www.goodreads.com/book/show/130002239-talisman-road-of-trials-5-comic-book,Talisman Road of Trials #5 Comic Book,Stephen King,,,5.0,1 rating0 reviews,2010-01-01,299.0,0.0,0.0,62.28062970568104
https://www.goodreads.com/book/show/132189575-the-dark-tower,THE DARK TOWER: 1: The Gunslinger; 2: The Drawing of the Three; 3: The Waste Lands; 4: Wizard and Glass; 5: Wolves of the Calla; 6: Song of Susannah; 7: The Dark Tower,Stephen King,,,5.0,1 rating0 reviews,1997-01-01,299.0,0.0,0.0,49.281314168377826
https://www.goodreads.com/book/show/131994051-american-vampire-comic-book-4,American Vampire Comic Book #4,Stephen King,,English,5.0,1 rating0 reviews,2010-01-01,299.0,0.0,0.0,62.28062970568104
https://www.goodreads.com/book/show/131052861-american-vampire-complete-set-2010-stephen-king-dc-vertigo,American Vampire Complete Set 2010 Stephen King DC Vertigo,Stephen King,,,5.0,1 rating0 reviews,2010-01-01,299.0,0.0,0.0,62.28062970568104
https://www.goodreads.com/book/show/131051839-stephen-king-s-dark-tower-fall-of-gilead-3-1,Stephen King's Dark Tower Fall of Gilead #3 1:25 Breitweiser Variant,Stephen King,,,5.0,1 rating0 reviews,2009-01-01,40.0,0.0,0.0,61.281314168377826
https://www.goodreads.com/book/show/131051833-dark-tower-comics,Dark Tower Comics: Two Years - Gunslinger Born and Long Road Home,Stephen King,,English,5.0,1 rating0 reviews,2008-01-01,299.0,0.0,0.0,60.27926078028747
https://www.goodreads.com/book/show/130840157-dark-tower-treachery-6-1,Dark Tower Treachery #6 1:25 Variant,Stephen King,,English,5.0,1 rating0 reviews,2009-01-01,299.0,0.0,0.0,61.281314168377826
https://www.goodreads.com/book/show/130161576-ha-mile-he-yarok-sidra-be-hemsheichim,Ha-Mile he-Yarok Sidra be-Hemsheichim,Stephen King,,,5.0,1 rating0 reviews,2012-01-01,299.0,0.0,0.0,64.27926078028747
https://www.goodreads.com/book/show/130063772-stephen-king-8-books,STEPHEN KING 8 BOOKS,Stephen King,,,5.0,1 rating0 reviews,1983-01-01,299.0,0.0,4.0,35.279945242984255
https://www.goodreads.com/book/show/130040495-cell-publisher,Cell Publisher: Pocket Star; premium edition,Stephen King,,,5.0,1 rating0 reviews,2005-01-01,299.0,0.0,7.0,57.281314168377826
https://www.goodreads.com/book/show/135696614-vtg-stephen-king-s-introduction-to-the-new-re-issue-of-the-poet-by-micha,"Vtg Stephen King's Introduction to the New Re-Issue of The Poet by Michael 1st 2004 [Hardcover] King, Stephen",Stephen King,,,5.0,1 rating0 reviews,2004-01-01,299.0,0.0,0.0,56.27926078028747
https://www.goodreads.com/book/show/167979537-the-amityville-horror-ii,The Amityville Horror II,Stephen King,,,5.0,1 rating0 reviews,1982-01-01,299.0,0.0,3.0,34.280629705681044
https://www.goodreads.com/book/show/167175109-dark-towers-boxed-set-includes-books-1-4,Dark Towers Boxed Set Includes Books 1 4,Stephen King,,,5.0,1 rating0 reviews,2001-01-01,299.0,0.0,0.0,53.281314168377826
https://www.goodreads.com/book/show/166191525-the-dark-tower-4,The Dark Tower #4,Stephen King,,Spanish; Castilian,5.0,1 rating0 reviews,2007-01-01,299.0,0.0,0.0,59.279945242984255
https://www.goodreads.com/book/show/164710517-the-collector,The collector: A new introduction,Stephen King,,,5.0,1 rating0 reviews,1989-01-01,299.0,0.0,0.0,41.281314168377826
https://www.goodreads.com/book/show/162618427-the-backman-books,THE BACKMAN BOOKS,Stephen King,,,5.0,1 rating0 reviews,1986-01-01,299.0,0.0,9.0,38.28062970568104
https://www.goodreads.com/book/show/148434337-the-wind-through-the-keyhole-slip-case---no-book,The Wind Through the Keyhole Slip Case - No Book,Stephen King,,,5.0,1 rating0 reviews,1964-01-01,299.0,0.0,0.0,16.279260780287473
https://www.goodreads.com/book/show/136249302-by-stephen-king---nightmares-and-dreamscapes-volume-ii-v-2-abridged,By Stephen King - Nightmares and Dreamscapes Volume II (v. 2) (Abridged) (1993-11-13) [Audio CD],Stephen King,,,5.0,1 rating0 reviews,1993-11-13,299.0,0.0,0.0,46.14647501711157
https://www.goodreads.com/book/show/131051833-dark-tower-comics,Dark Tower Comics: Two Years - Gunslinger Born and Long Road Home,Stephen King,,,5.0,1 rating0 reviews,2008-01-01,299.0,0.0,0.0,60.27926078028747
https://www.goodreads.com/book/show/135555845-midnight-grafitti-spring-1989-stephen-king-rainy-season,Midnight Grafitti Spring 1989 Stephen King Rainy Season,Stephen King,,,5.0,1 rating0 reviews,1989-01-01,299.0,0.0,0.0,41.281314168377826
https://www.goodreads.com/book/show/135517579-the-long-way-home-may-2008,The Long Way Home; May 2008,Stephen King,,,5.0,1 rating0 reviews,2008-01-01,299.0,0.0,0.0,60.27926078028747
https://www.goodreads.com/book/show/133949331-the-dark-tower,THE DARK TOWER,Stephen King,,,5.0,1 rating0 reviews,2003-01-01,299.0,0.0,0.0,55.279945242984255
https://www.goodreads.com/book/show/133942078-the-stand-no-mans-land,THE STAND NO MANS LAND,Stephen King,,,5.0,1 rating0 reviews,2010-01-01,299.0,0.0,0.0,62.28062970568104
https://www.goodreads.com/book/show/132189575-the-dark-tower,THE DARK TOWER: 1: The Gunslinger; 2: The Drawing of the Three; 3: The Waste Lands; 4: Wizard and Glass; 5: Wolves of the Calla; 6: Song of Susannah; 7: The Dark Tower,Stephen King,,,5.0,1 rating0 reviews,1997-01-01,299.0,0.0,0.0,49.281314168377826
https://www.goodreads.com/book/show/131994051-american-vampire-comic-book-4,American Vampire Comic Book #4,Stephen King,,,5.0,1 rating0 reviews,2010-01-01,299.0,0.0,0.0,62.28062970568104
https://www.goodreads.com/book/show/131052861-american-vampire-complete-set-2010-stephen-king-dc-vertigo,American Vampire Complete Set 2010 Stephen King DC Vertigo,Stephen King,,,5.0,1 rating0 reviews,2010-01-01,299.0,0.0,0.0,62.28062970568104
https://www.goodreads.com/book/show/131051839-stephen-king-s-dark-tower-fall-of-gilead-3-1,Stephen King's Dark Tower Fall of Gilead #3 1:25 Breitweiser Variant,Stephen King,,English,5.0,1 rating0 reviews,2009-01-01,40.0,0.0,0.0,61.281314168377826
https://www.goodreads.com/book/show/137914259-ha-machon,Ha-Machon,Stephen King,,,5.0,1 rating0 reviews,2020-01-01,553.0,0.0,0.0,72.27926078028747
https://www.goodreads.com/book/show/200763770-das-m-dchen,Das Mädchen,Stephen King,,,5.0,1 rating0 reviews,2013-10-16,299.0,0.0,0.0,66.06981519507187
https://www.goodreads.com/book/show/181542644-dark-tower-ii-the-drawing-of-the-three,Dark Tower II the Drawing of the Three,Stephen King,,English,5.0,1 rating0 reviews,1985-01-01,299.0,0.0,0.0,37.281314168377826
https://www.goodreads.com/book/show/180159052-la-cl-des-vents,La clé des vents: La tour sombre,Stephen King,,French,5.0,1 rating0 reviews,2012-09-01,192.0,0.0,0.0,64.94729637234771
https://www.goodreads.com/book/show/171635181-23337-23337-by-king-stephen-author-jul-24-2012-by-king-stephen,"[ 23337 [ 23337 BY King, Stephen ( Author ) Jul-24-2012 by King, Stephen ( Author ) Jul-2012 Paperback ]",Stephen King,,,5.0,1 rating0 reviews,2012-07-24,299.0,0.0,6.0,64.84052019164956
https://www.goodreads.com/book/show/171618034-castle-rock-the-stephen-king-newsletter-december-1987-january-1988-vol,"Castle Rock the Stephen King Newsletter December 1987-January 1988 Vol. 3-4, No. 11-1",Stephen King,,English,5.0,1 rating0 reviews,1987-01-01,299.0,0.0,0.0,39.279945242984255
https://www.goodreads.com/book/show/170933358-postscripts---number-10---spring-2007,"POSTSCRIPTS - Number 10 - Spring 2007:Stephen King, Joe Hill",Stephen King,,,5.0,1 rating0 reviews,2007-03-01,352.0,0.0,0.0,59.441478439425055
https://www.goodreads.com/book/show/169821456-from-a-buck-8,From a Buck 8.,Stephen King,,English,5.0,1 rating0 reviews,2002-01-01,299.0,0.0,16.0,54.28062970568104
https://www.goodreads.com/book/show/169330874-pestens-tid,Pestens Tid,Stephen King,,,5.0,1 rating0 reviews,1988-01-01,299.0,0.0,0.0,40.27926078028747
https://www.goodreads.com/book/show/169283199-stephen-king-4-pack-save-dark-tower-i-the-gunslinger-dark-tower-ii-th,"Stephen King 4 pack. SAVE! Dark Tower I The Gunslinger, Dark Tower II The Drawing of the Three, Dark Tower III The Wastelands, Dark Tower IV Wizard and Glass",Stephen King,,,5.0,1 rating0 reviews,2003-01-01,299.0,0.0,0.0,55.279945242984255
https://www.goodreads.com/book/show/139532172-stephen-king-10-novel-paperback-set,Stephen King 10 Novel Paperback Set,Stephen King,,,5.0,1 rating0 reviews,2002-01-01,299.0,0.0,0.0,54.28062970568104
https://www.goodreads.com/book/show/137922481-sleeping-beauties-3-cvr-a-wu,Sleeping Beauties #3 CVR A Wu,Stephen King,,English,5.0,1 rating0 reviews,2020-01-01,299.0,0.0,0.0,72.27926078028747
https://www.goodreads.com/book/show/133942078-the-stand-no-mans-land,THE STAND NO MANS LAND,Stephen King,,,5.0,1 rating0 reviews,2010-01-01,299.0,0.0,0.0,62.28062970568104
https://www.goodreads.com/book/show/137887096-gespr-che-mit-dem-king-des-horrors,Gespräche Mit Dem 'King Des Horrors',Stephen King,,,5.0,1 rating0 reviews,1990-01-01,299.0,0.0,0.0,42.28062970568104
https://www.goodreads.com/book/show/137879057-tv-guide-feb-13-19-1999-storm-of-the-century,"TV GUIDE FEB. 13-19, 1999 (STORM OF THE CENTURY",Stephen King,,English,5.0,1 rating0 reviews,1999-01-01,299.0,0.0,0.0,51.279945242984255
https://www.goodreads.com/book/show/137060837-archie-americana-series-best-of-the-forties,Archie Americana Series Best of the Forties,Stephen King,,,5.0,1 rating0 reviews,1991-01-01,299.0,0.0,0.0,43.279945242984255
https://www.goodreads.com/book/show/136623924-pr-sentoir-de-sol-plein-16-ex-stephen-king-10-2019,"Présentoir de sol plein (16 ex )""Stephen King 10/2019""",Stephen King,,,5.0,1 rating0 reviews,2019-10-02,299.0,0.0,0.0,72.03011635865845
https://www.goodreads.com/book/show/136576390-dark-tower-long-road-home-2-variant-cover-2nd-printing,Dark Tower Long Road Home #2 Variant Cover 2nd Printing,Stephen King,,,5.0,1 rating0 reviews,2008-01-01,48.0,0.0,0.0,60.27926078028747
https://www.goodreads.com/book/show/136249302-by-stephen-king---nightmares-and-dreamscapes-volume-ii-v-2-abridged,By Stephen King - Nightmares and Dreamscapes Volume II (v. 2) (Abridged) (1993-11-13) [Audio CD],Stephen King,,,5.0,1 rating0 reviews,1993-11-13,299.0,0.0,0.0,46.14647501711157
https://www.goodreads.com/book/show/135696614-vtg-stephen-king-s-introduction-to-the-new-re-issue-of-the-poet-by-micha,"Vtg Stephen King's Introduction to the New Re-Issue of The Poet by Michael 1st 2004 [Hardcover] King, Stephen",Stephen King,,,5.0,1 rating0 reviews,2004-01-01,299.0,0.0,0.0,56.27926078028747
https://www.goodreads.com/book/show/135555845-midnight-grafitti-spring-1989-stephen-king-rainy-season,Midnight Grafitti Spring 1989 Stephen King Rainy Season,Stephen King,,,5.0,1 rating0 reviews,1989-01-01,299.0,0.0,0.0,41.281314168377826
https://www.goodreads.com/book/show/135517579-the-long-way-home-may-2008,The Long Way Home; May 2008,Stephen King,,,5.0,1 rating0 reviews,2008-01-01,299.0,0.0,0.0,60.27926078028747
https://www.goodreads.com/book/show/133949331-the-dark-tower,THE DARK TOWER,Stephen King,,,5.0,1 rating0 reviews,2003-01-01,299.0,0.0,0.0,55.279945242984255
https://www.goodreads.com/book/show/137879057-tv-guide-feb-13-19-1999-storm-of-the-century,"TV GUIDE FEB. 13-19, 1999 (STORM OF THE CENTURY",Stephen King,,English,5.0,1 rating0 reviews,1999-01-01,299.0,0.0,0.0,51.279945242984255
https://www.goodreads.com/book/show/199420504-elevaci-n-elevation,Elevación [Elevation],Stephen King,,,5.0,1 rating0 reviews,2022-07-28,299.0,0.0,0.0,74.85010266940452
https://www.goodreads.com/book/show/199413601-the-dark-tower-v,The Dark Tower V: Wolves of the Calla,Stephen King,,,5.0,1 rating0 reviews,2012-06-14,299.0,0.0,0.0,64.73100616016427
https://www.goodreads.com/book/show/200278152-st-lkan-sem-elska-i-tom-gordon,Stúlkan sem elskaði Tom Gordon,Stephen King,,,5.0,1 rating0 reviews,1999-01-01,207.0,0.0,0.0,51.279945242984255
https://www.goodreads.com/book/show/200276096-r-l-gum,Úr álögum,Stephen King,,Icelandic,5.0,1 rating0 reviews,1995-01-01,420.0,0.0,0.0,47.279945242984255
https://www.goodreads.com/book/show/197181785-stephen-king-the-dark-tower-treachery-complete-set-1-2-3-4-5-6-deepuppy,Stephen King The Dark Tower Treachery Complete Set #1 2 3 4 5 6 DeePuppy Comics,Stephen King,,English,5.0,1 rating0 reviews,2009-01-01,32.0,0.0,0.0,61.281314168377826
https://www.goodreads.com/book/show/196992530-a-collection-of-night-dream-stories-2-volumes,A Collection of Night Dream Stories (2 Volumes),Stephen King,,,5.0,1 rating0 reviews,2023-04-01,778.0,0.0,0.0,75.52635181382615
https://www.goodreads.com/book/show/141806746-stephen-king-5-paperback,Stephen King 5 paperback,Stephen King,,Norwegian,5.0,1 rating0 reviews,2015-01-01,299.0,0.0,0.0,67.27994524298425
https://www.goodreads.com/book/show/137887096-gespr-che-mit-dem-king-des-horrors,Gespräche Mit Dem 'King Des Horrors',Stephen King,,,5.0,1 rating0 reviews,1990-01-01,299.0,0.0,0.0,42.28062970568104
https://www.goodreads.com/book/show/137914259-ha-machon,Ha-Machon,Stephen King,,English,5.0,1 rating0 reviews,2020-01-01,553.0,0.0,0.0,72.27926078028747
https://www.goodreads.com/book/show/137922481-sleeping-beauties-3-cvr-a-wu,Sleeping Beauties #3 CVR A Wu,Stephen King,,,5.0,1 rating0 reviews,2020-01-01,299.0,0.0,0.0,72.27926078028747
https://www.goodreads.com/book/show/139532172-stephen-king-10-novel-paperback-set,Stephen King 10 Novel Paperback Set,Stephen King,,English,5.0,1 rating0 reviews,2002-01-01,299.0,0.0,0.0,54.28062970568104
https://www.goodreads.com/book/show/140849429-the-stand-for-the-first-time-complete-and-uncut-by-stephen-king-paperba,The Stand for the First Time Complete and Uncut By Stephen King (Paperback) Plus 2 Free Paperbacks: Carrie and Christine,Stephen King,,English,5.0,1 rating0 reviews,1991-01-01,299.0,0.0,0.0,43.279945242984255
https://www.goodreads.com/book/show/141622246-stephen-king-hardcover-novel-collection-12-book-set,Stephen King Hardcover Novel Collection 12 Book Set,Stephen King,,,5.0,1 rating0 reviews,2014-01-01,299.0,0.0,0.0,66.28062970568104
https://www.goodreads.com/book/show/199843802-holly-hardcover-lord-of-the-flies-by-william-golding-2-books-collecti,"Holly [Hardcover], Lord of the Flies By William Golding 2 Books Collection Set",Stephen King,,English,4.0,1 rating0 reviews,2023-10-02,299.0,0.0,0.0,76.03011635865845
https://www.goodreads.com/book/show/201118114-bad-little-kid,Bad Little Kid | ব্যাড লিটল কিড,Stephen King,,Bengali,4.0,1 rating0 reviews,2022-01-01,80.0,0.0,0.0,74.28062970568104
https://www.goodreads.com/book/show/208668941-oczy-smoka,Oczy smoka,Stephen King,,Polish,4.0,1 rating0 reviews,2010-01-01,400.0,0.0,0.0,62.28062970568104
https://www.goodreads.com/book/show/220497317-the-shawshank-redemption,"The Shawshank Redemption: On the 30th Anniversary of the iconic movie, one of the most popular in film history",Stephen King,,English,4.5,2,2024-11-14,130.0,0.0,0.0,77.14989733059548
https://www.goodreads.com/book/show/206707851-stephen-king-different-seasons-2-books-collection-set,Stephen King Different Seasons 2 Books Collection Set,Stephen King,,English,3.0,2,2024-02-01,464.0,0.0,2.0,76.36413415468857
https://www.goodreads.com/book/show/145184775-dark-tower-guide-to-gilead-comic-one-shot,DARK TOWER GUIDE TO GILEAD (COMIC) One Shot,Stephen King,,English,4.0,1 rating0 reviews,2009-01-01,299.0,0.0,0.0,61.281314168377826
https://www.goodreads.com/book/show/217443480-the-dark-tower-vi,The Dark Tower VI: Song of Susannah,Stephen King,,English,4.0,1 rating0 reviews,2004-01-01,299.0,0.0,0.0,56.27926078028747
https://www.goodreads.com/book/show/211330267-nocna-zmiana,Nocna zmiana,Stephen King,,Polish,4.0,1 rating0 reviews,2009-01-01,438.0,0.0,0.0,61.281314168377826
https://www.goodreads.com/book/show/201118114-bad-little-kid,Bad Little Kid | ব্যাড লিটল কিড,Stephen King,,Bengali,4.0,1 rating0 reviews,2022-01-01,80.0,0.0,0.0,74.28062970568104
https://www.goodreads.com/book/show/199843802-holly-hardcover-lord-of-the-flies-by-william-golding-2-books-collecti,"Holly [Hardcover], Lord of the Flies By William Golding 2 Books Collection Set",Stephen King,,English,4.0,1 rating0 reviews,2023-10-02,299.0,0.0,0.0,76.03011635865845
https://www.goodreads.com/book/show/165512744-four-past-midnight-volume-one,Four Past Midnight Volume One,Stephen King,,English,4.0,1 rating0 reviews,1990-01-01,299.0,0.0,0.0,42.28062970568104
https://www.goodreads.com/book/show/158704379-stephen-king-hardcover-book-set,Stephen King Hardcover Book Set,Stephen King,,English,4.0,1 rating0 reviews,2004-01-01,299.0,0.0,0.0,56.27926078028747
https://www.goodreads.com/book/show/60407777-peter-straub,Peter Straub: An Informal Appreciation,Stephen King,,,4.0,1 rating0 reviews,1982-10-29,299.0,0.0,6.0,35.1047227926078
https://www.goodreads.com/book/show/62994767-estuche-stephen-king-el-rey-del-terror-tres-novelas-cl-sicas,Estuche Stephen King. El rey del terror. Tres novelas clásicas: Edicion limitada,Stephen King,,Spanish; Castilian,4.0,1 rating0 reviews,2022-10-06,299.0,0.0,2.0,75.04175222450377
https://www.goodreads.com/book/show/129996983-the-dark-tower-1-graphic-novel,THE DARK TOWER 1 (GRAPHIC NOVEL): GUNSLINGER BORN - SKETCHBOOK,Stephen King,,English,4.0,1 rating1 review,2006-01-01,299.0,0.0,3.0,58.28062970568104
https://www.goodreads.com/book/show/126937231-quatro-estacaes,QUATRO ESTACaES,Stephen King,,English,4.0,1 rating0 reviews,1991-01-01,299.0,0.0,0.0,43.279945242984255
https://www.goodreads.com/book/show/79613480-the-shining-unabridged-on-14-cds,The Shining [UNABRIDGED ON 14 CDS],Stephen King,,English,4.0,1 rating0 reviews,2007-01-01,299.0,0.0,0.0,59.279945242984255
https://www.goodreads.com/book/show/198332803-unknown-title,Unknown Title,Stephen King,,,3.0,1 rating0 reviews,2012-05-18,299.0,0.0,0.0,64.65708418891171
https://www.goodreads.com/book/show/219269774-rea-81-e-original,Área 81 (e-original),Stephen King,,Spanish; Castilian,3.0,1 rating0 reviews,2012-03-29,67.0,0.0,0.0,64.5201916495551
https://www.goodreads.com/book/show/63363135-sale-gosse,Sale gosse,Stephen King,,French,3.0,1 rating0 reviews,2014-03-14,93.0,0.0,0.0,66.47775496235455
https://www.goodreads.com/book/show/96176394-8-gata-buick,8 gata Buick,Stephen King,,,3.0,1 rating0 reviews,2002-01-01,372.0,0.0,0.0,54.28062970568104
https://www.goodreads.com/book/show/97020832-instytut-audiobook,Instytut. Audiobook,Stephen King,,Polish,3.0,1 rating0 reviews,2019-01-01,299.0,0.0,0.0,71.27994524298425
https://www.goodreads.com/book/show/125283347-la-part-des-tenebres,LA PART DES TENEBRES,Stephen King,,English,3.0,1 rating0 reviews,1998-01-01,299.0,0.0,4.0,50.28062970568104
https://www.goodreads.com/book/show/135123294-der-term-der-dunke-turm-vii,Der Term; Der Dunke Turm.VII,Stephen King,,German,3.0,1 rating0 reviews,2004-01-01,1009.0,0.0,0.0,56.27926078028747
https://www.goodreads.com/book/show/139296805-do-the-dead-sing-short-story-appearing-in-yankee-magazine-novembe,"""DO THE DEAD SING?"" [short story appearing in] YANKEE [MAGAZINE] NOVEMBER 1981 VOL. 45 NO. 11",Stephen King,,English,3.0,1 rating0 reviews,1981-01-01,299.0,0.0,3.0,33.281314168377826
https://www.goodreads.com/book/show/161826741-kalpea-aavistus,Kalpea Aavistus,Stephen King,,,3.0,1 rating0 reviews,1998-01-01,429.0,0.0,3.0,50.28062970568104
https://www.goodreads.com/book/show/219269774-rea-81-e-original,Área 81 (e-original),Stephen King,,Spanish; Castilian,3.0,1 rating0 reviews,2012-03-29,67.0,0.0,0.0,64.5201916495551
https://www.goodreads.com/book/show/161896511-hearts-in-atlantis-part-1,Hearts in Atlantis Part 1,Stephen King,,English,2.0,1 rating0 reviews,1999-01-01,299.0,0.0,2.0,51.279945242984255
https://www.goodreads.com/book/show/143859815-the-tommyknockers,The Tommyknockers,Stephen King,,English,2.0,1 rating0 reviews,2012-10-11,299.0,0.0,5.0,65.056810403833
https://www.goodreads.com/book/show/52937447-tas,Tas : Romanas : Pirma Knyga,Stephen King,,,2.0,1 rating0 reviews,1998-01-01,318.0,0.0,4.0,50.28062970568104
https://www.goodreads.com/book/show/123868455-stephen-king-paperback-book-collection-bundle-lot,"Stephen King Paperback Book Collection Bundle Lot: Carrie, 'Salem's Lot, The Shining, Night Shift, Doctor Sleep, Eyes of the Dragon, Joyland, The Outsider, The Colorado Kid, and Rita Hayworth and the Shawshank Redemption",Stephen King,,English,2.0,1 rating0 reviews,2022-01-01,4581.0,0.0,0.0,74.28062970568104
https://www.goodreads.com/book/show/39782449-wolverine,Wolverine,Stephen King,,English,1.0,1 rating0 reviews,2009-11-01,299.0,0.0,0.0,62.11362080766598
https://www.goodreads.com/book/show/35341126-the-damned,The Damned: A Novel,Stephen King,,English,1.0,1 rating0 reviews,2017-06-04,599.0,0.0,0.0,69.70294318959617
https://www.goodreads.com/book/show/157262447-stephen-king,"Stephen King: Carrie, Salem's Lot, The Shining",Stephen King,,English,4.0,1 rating0 reviews,2011-04-11,299.0,0.0,2.0,63.553730321697465
https://www.goodreads.com/book/show/157262447-stephen-king,"Stephen King: Carrie, Salem's Lot, The Shining",Stephen King,,English,4.0,1 rating0 reviews,2011-04-11,299.0,0.0,2.0,63.553730321697465
https://www.goodreads.com/book/show/157262447-stephen-king,"Stephen King: Carrie, Salem's Lot, The Shining",Stephen King,,English,4.0,1 rating0 reviews,2011-04-11,299.0,0.0,2.0,63.553730321697465
https://www.goodreads.com/book/show/206409294-el-resplador,El resplador,Stephen King,,,5.0,1 rating0 reviews,2000-01-01,299.0,0.0,0.0,52.27926078028747
https://www.goodreads.com/book/show/216232206-storm-of-the-century,Storm of the Century: The Labor Day Hurricane of 1935,Stephen King,,English,3.95,41,2024-12-03,398.0,161.0,10.0,77.20191649555099
https://www.goodreads.com/book/show/216094690-danse-macabre---dition-collector,Danse macabre - Édition Collector,Stephen King,,French,5.0,1 rating0 reviews,2024-11-06,352.0,0.0,2.0,77.12799452429843
https://www.goodreads.com/book/show/219437819-carnets-noirs,Carnets noirs,Stephen King,,French,5.0,1 rating0 reviews,2016-03-02,433.0,0.0,0.0,68.44626967830253
https://www.goodreads.com/book/show/221910422-das-buch-der-geister-spukh-user,Das Buch der Geister & Spukhäuser,Stephen King,,German,4.5,2,2024-11-22,594.0,3.0,7.0,77.17180013689254
https://www.goodreads.com/book/show/221384158-2-stephen-king-books-1-the-dark-tower-v--wolves-of-the-calla-2-delore,2 Stephen King Books! 1) The Dark Tower V- Wolves of the Calla 2) Delores Claiborne,Stephen King,,,3.5,2,2005-11-07,299.0,0.0,0.0,58.130047912388775
